	summarized	lineages	abundances	resid	coverage
GCA_031128155.1_0.8_GCA_031128145.1_0.2_variants.tsv	[('Other', 0.9999999993949199)]	MEASLESgenome-B3 MEASLESgenome-D8 MEASLESgenome-D6	0.78947400 0.20129900 0.00922700	86.77100416041047	87.56763558575562
GCA_031128135.1_0.2_GCA_031128185.1_0.8_variants.tsv	[('Other', 0.9999999958382605)]	MEASLESgenome-H1 MEASLESgenome-D5	0.77070100 0.22929900	158.8242482489677	90.62539323014974
GCA_031128155.1_0.5_GCA_031128145.1_0.5_variants.tsv	[('Other', 0.999999999037656)]	MEASLESgenome-D8 MEASLESgenome-B3	0.50000000 0.50000000	102.28605160104782	89.73197432993582
GCA_031128155.1_0.3_GCA_031128165.1_0.7_variants.tsv	[('Other', 1.000000000012351)]	MEASLESgenome-D3 MEASLESgenome-B3	0.73333300 0.26666700	92.14234395940635	95.82232288914055
GCA_031128145.1_0.6_GCA_031128185.1_0.4_variants.tsv	[('Other', 0.9999999999857941)]	MEASLESgenome-D8 MEASLESgenome-H1	0.64864900 0.35135100	118.35068416047051	87.33484333710834
GCA_031112925.1_0.2_GCA_031128145.1_0.8_variants.tsv	[('Other', 1.0000000000500096)]	MEASLESgenome-D8 MEASLESgenome-A	0.80000000 0.20000000	48.607435481955605	92.41223103057757
GCA_031128155.1_0.7_GCA_031128185.1_0.3_variants.tsv	[('Other', 0.9999999997803124)]	MEASLESgenome-B3 MEASLESgenome-H1	0.71428600 0.28571400	127.69801829867752	84.83075374355103
GCA_031128135.1_0.8_GCA_031128145.1_0.2_variants.tsv	[('Other', 0.9999999999865915)]	MEASLESgenome-D5 MEASLESgenome-D8	0.81250000 0.18750000	30.080860681774777	92.04731345161696
GCA_031128155.1_0.2_GCA_031128185.1_0.8_variants.tsv	[('Other', 0.9999999899912836)]	MEASLESgenome-H1 MEASLESgenome-B3	0.79617800 0.20382199	126.47204348754188	82.0057883478042
GCA_031128135.1_0.5_GCA_031128145.1_0.5_variants.tsv	[('Other', 0.9999999999941172)]	MEASLESgenome-D5 MEASLESgenome-D8	0.50000000 0.50000000	43.95681455959374	93.92223480558701
GCA_031112925.1_0.7_GCA_031128145.1_0.3_variants.tsv	[('Other', 0.999999999904874)]	MEASLESgenome-A MEASLESgenome-D8 MEASLESgenome-D6	0.69230800 0.30303000 0.00466200	34.94923376345497	93.31823329558324
GCA_031112925.1_0.8_GCA_031128185.1_0.2_variants.tsv	[('Other', 1.0000000001780822)]	MEASLESgenome-A MEASLESgenome-H1	0.84615400 0.15384600	50.71415421744571	92.46885617214043
GCA_031128165.1_0.3_GCA_031128145.1_0.7_variants.tsv	[('Other', 1.0000000001983904)]	MEASLESgenome-D8 MEASLESgenome-D3	0.68263500 0.31736500	68.51609053089648	97.1687429218573
GCA_031112925.1_0.5_GCA_031128185.1_0.5_variants.tsv	[('Other', 0.9999999999742639)]	MEASLESgenome-A MEASLESgenome-H1	0.54545500 0.45454500	104.51065363456374	92.23606392349315
GCA_031128135.1_0.7_GCA_031128185.1_0.3_variants.tsv	[('Other', 0.9999999999487537)]	MEASLESgenome-D5 MEASLESgenome-H1	0.76470600 0.23529400	98.46804866748698	91.90889643890776
GCA_031128155.1_0.4_GCA_031128145.1_0.6_variants.tsv	[('Other', 0.9999999995459308)]	MEASLESgenome-D8 MEASLESgenome-B3	0.62500000 0.37500000	96.04579840256618	89.70051591795647
GCA_031128155.1_0.6_GCA_031128135.1_0.4_variants.tsv	[('Other', 0.999999998692632)]	MEASLESgenome-B3 MEASLESgenome-D5 MEASLESgenome-D6	0.57142900 0.42105300 0.00751800	105.46343191585487	93.41260853152133
GCA_031112925.1_0.1_GCA_031129565.1_0.9_variants.tsv	[('Other', 1.0000000011706816)]	MEASLESgenome-D9 MEASLESgenome-A	0.90909090 0.09090910	62.316771939447236	92.02843840442934
GCA_031129565.1_0.6_GCA_031128185.1_0.4_variants.tsv	[('Other', 0.9999999995174618)]	MEASLESgenome-D9 MEASLESgenome-H1	0.62820500 0.37179500	178.42377889446436	89.93330816660375
GCA_031128155.1_0.9_GCA_031128145.1_0.1_variants.tsv	[('Other', 0.9999999951548475)]	MEASLESgenome-B3 MEASLESgenome-D8	0.90769199 0.09230800	69.38353860270172	84.41550270542344
GCA_031112925.1_0_GCA_031128155.1_1_variants.tsv	[('Other', 0.9999999999943358)]	MEASLESgenome-B3	1.00000000	24.560379302014816	75.80848118786963
GCA_031112925.1_0.1_GCA_031128135.1_0.9_variants.tsv	[('Other', 1.00000000004088)]	MEASLESgenome-D5 MEASLESgenome-A	0.90909090 0.09090910	22.62696583209887	93.57619227381402
GCA_031128155.1_0.6_GCA_031129565.1_0.4_variants.tsv	[('Other', 0.9999999995539756)]	MEASLESgenome-B3 MEASLESgenome-D9	0.58823500 0.41176500	129.89741982849915	89.63759909399774
GCA_031128145.1_0.7_GCA_031129565.1_0.3_variants.tsv	[('Other', 1.0000000001713074)]	MEASLESgenome-D8 MEASLESgenome-D9	0.70000000 0.30000000	88.15872737725363	95.11765446080283
GCA_031128135.1_0.4_GCA_031128145.1_0.6_variants.tsv	[('Other', 1.0000000002283085)]	MEASLESgenome-D8 MEASLESgenome-D5	0.60000000 0.40000000	55.51385263393975	94.04806845350447
GCA_031112925.1_0_GCA_031128135.1_1_variants.tsv	[('Other', 0.9999999999993087)]	MEASLESgenome-D5	1.00000000	2.51921306799411	90.24789228639739
GCA_031128165.1_0.6_GCA_031128115.1_0.4_variants.tsv	[('Other', 0.9999999990579054)]	MEASLESgenome-D3 MEASLESgenome-D4	0.61538500 0.38461500	66.91456875702153	97.30086825217063
GCA_031128135.1_0.9_GCA_031128145.1_0.1_variants.tsv	[('Other', 1.0000000000055624)]	MEASLESgenome-D5 MEASLESgenome-D8	0.91666700 0.08333300	21.69067026042049	91.90889643890776
GCA_031128145.1_0.2_GCA_031129565.1_0.8_variants.tsv	[('Other', 0.9999999999353795)]	MEASLESgenome-D9 MEASLESgenome-D8	0.80000000 0.20000000	71.38565581435529	93.17352460047817
GCA_031112925.1_0.4_GCA_031128185.1_0.6_variants.tsv	[('Other', 0.9999999997120654)]	MEASLESgenome-H1 MEASLESgenome-A	0.54143600 0.45856400	113.80576250138371	91.83339625015729
GCA_031112925.1_0.9_GCA_031128185.1_0.1_variants.tsv	[('Other', 0.999999999945862)]	MEASLESgenome-A MEASLESgenome-H1	0.94300520 0.05699480	34.09495906175374	92.69535673839185
GCA_031128155.1_1_GCA_031128165.1_0_variants.tsv	[('Other', 0.9999999999943358)]	MEASLESgenome-B3	1.00000000	24.560379302014816	75.80848118786963
GCA_031128135.1_0.6_GCA_031129565.1_0.4_variants.tsv	[('Other', 0.9999999999928715)]	MEASLESgenome-D5 MEASLESgenome-D9	0.61016900 0.38983100	64.08970935524232	95.15540455517805
GCA_031128145.1_0.4_GCA_031129565.1_0.6_variants.tsv	[('Other', 0.9999999996555464)]	MEASLESgenome-D9 MEASLESgenome-D8	0.60000000 0.40000000	88.51772410942513	94.05436013590034
GCA_031128155.1_0.8_GCA_031128185.1_0.2_variants.tsv	[('Other', 0.9999999994022641)]	MEASLESgenome-B3 MEASLESgenome-H1	0.81818200 0.18181800	108.86406696060615	84.9502957090726
GCA_031128155.1_0.5_GCA_031128185.1_0.5_variants.tsv	[('Other', 0.9999999993020474)]	MEASLESgenome-B3 MEASLESgenome-H1	0.50000000 0.50000000	139.01724915795774	83.67308418271045
GCA_031128135.1_0.2_GCA_031128145.1_0.8_variants.tsv	[('Other', 0.9999999990547486)]	MEASLESgenome-D8 MEASLESgenome-D5	0.80645200 0.19354800	55.753756092522806	93.77123442808607
GCA_031128145.1_0.9_GCA_031129565.1_0.1_variants.tsv	[('Other', 0.9999999989530148)]	MEASLESgenome-D8 MEASLESgenome-D9	0.93103400 0.06896600	61.7706667164731	91.70127091984396
GCA_031128115.1_0_GCA_031128145.1_1_variants.tsv	[('Other', 0.9999999999651787)]	MEASLESgenome-D8	1.00000000	31.73787897680699	84.9502957090726
GCA_031112925.1_0.2_GCA_031128185.1_0.8_variants.tsv	[('Other', 0.9999999998348089)]	MEASLESgenome-H1 MEASLESgenome-A	0.76470600 0.23529400	121.54470665811326	89.27268151503712
GCA_031128155.1_0_GCA_031128185.1_1_variants.tsv	[('Other', 0.9999999999947301)]	MEASLESgenome-H1	1.00000000	38.09122385947258	67.03158424562729
GCA_031128155.1_0.7_GCA_031128145.1_0.3_variants.tsv	[('Other', 0.9999999996621564)]	MEASLESgenome-B3 MEASLESgenome-D8 MEASLESgenome-D6	0.66666700 0.31818200 0.01515100	98.52012188334251	88.34780420284385
GCA_031128135.1_0.8_GCA_031128185.1_0.2_variants.tsv	[('Other', 1.0000000000081264)]	MEASLESgenome-D5 MEASLESgenome-H1	0.84810100 0.15189900	70.31195946445625	92.10393859317982
GCA_031128165.1_1_GCA_031128185.1_0_variants.tsv	[('Other', 0.9999999999236365)]	MEASLESgenome-D3	1.00000000	40.116216631586454	93.9285264879829
GCA_031112925.1_0.3_GCA_031128165.1_0.7_variants.tsv	[('Other', 0.9999999999908465)]	MEASLESgenome-D3 MEASLESgenome-A	0.70000000 0.30000000	50.8502703859393	95.86636466591166
GCA_031128135.1_0.5_GCA_031128185.1_0.5_variants.tsv	[('Other', 0.9999999999565861)]	MEASLESgenome-D5 MEASLESgenome-H1	0.54545500 0.45454500	134.2626423678804	91.65093746067699
GCA_031128155.1_0.2_GCA_031128145.1_0.8_variants.tsv	[('Other', 0.999999996213773)]	MEASLESgenome-D8 MEASLESgenome-B3 MEASLESgenome-D11	0.82926800 0.16931208 0.00141992	77.29604784458616	88.77563860576318
GCA_031112925.1_0.7_GCA_031128185.1_0.3_variants.tsv	[('Other', 0.9999999999817355)]	MEASLESgenome-A MEASLESgenome-H1	0.77777800 0.22222200	70.84300864202666	92.24235560588902
GCA_031112925.1_0.8_GCA_031128145.1_0.2_variants.tsv	[('Other', 0.9999999999438249)]	MEASLESgenome-A MEASLESgenome-D8 MEASLESgenome-D6	0.80219800 0.18518500 0.01261700	27.44059801222545	92.59468982005788
GCA_031128165.1_0.3_GCA_031128185.1_0.7_variants.tsv	[('Other', 0.9999999998017437)]	MEASLESgenome-H1 MEASLESgenome-D3	0.63636400 0.36363600	181.4042636526353	94.89115389455141
GCA_031128135.1_0_GCA_031129565.1_1_variants.tsv	[('Other', 0.9999999999999167)]	MEASLESgenome-D9	1.00000000	2.685368763284954	76.11048194287153
GCA_031128145.1_0.1_GCA_031128185.1_0.9_variants.tsv	[('Other', 0.999999999081164)]	MEASLESgenome-H1 MEASLESgenome-D8	0.90000000 0.10000000	109.64457980142555	79.80369950924877
GCA_031112925.1_0.5_GCA_031128145.1_0.5_variants.tsv	[('Other', 0.9999999999752331)]	MEASLESgenome-A MEASLESgenome-D8	0.50000000 0.50000000	40.47981591747664	94.50736126840317
GCA_031128135.1_0.7_GCA_031128145.1_0.3_variants.tsv	[('Other', 0.9999999998289776)]	MEASLESgenome-D5 MEASLESgenome-D8	0.69426800 0.30573200	42.38369859071144	92.85894048068454
GCA_031128155.1_0.4_GCA_031128185.1_0.6_variants.tsv	[('Other', 0.9999999971588129)]	MEASLESgenome-H1 MEASLESgenome-B3	0.58490600 0.41509399	150.0865059909596	84.26450232792249
GCA_031128115.1_0.3_GCA_031128135.1_0.7_variants.tsv	[('Other', 0.9999999999300129)]	MEASLESgenome-D5 MEASLESgenome-D4	0.69230800 0.30769200	67.58695654147799	97.12470114508619
GCA_031129565.1_0_GCA_031128185.1_1_variants.tsv	[('Other', 0.9999999999947301)]	MEASLESgenome-H1	1.00000000	38.09122385947258	67.03158424562729
GCA_031128145.1_0.8_GCA_031129565.1_0.2_variants.tsv	[('Other', 1.0000000000488414)]	MEASLESgenome-D8 MEASLESgenome-D9	0.82692298 0.17307702	73.88525850064265	93.98515162954574
GCA_031128165.1_1_GCA_031128145.1_0_variants.tsv	[('Other', 0.9999999999236365)]	MEASLESgenome-D3	1.00000000	40.116216631586454	93.9285264879829
GCA_031128145.1_0.5_GCA_031129565.1_0.5_variants.tsv	[('Other', 0.9999999999883111)]	MEASLESgenome-D8 MEASLESgenome-D9	0.50000000 0.50000000	87.78213094069852	95.00440417767712
GCA_031128165.1_0.1_GCA_031128115.1_0.9_variants.tsv	[('Other', 0.9999999990976869)]	MEASLESgenome-D4 MEASLESgenome-D3	0.90721600 0.09278399	61.56440438691182	96.72832515414622
GCA_031128155.1_0.9_GCA_031128185.1_0.1_variants.tsv	[('Other', 0.9999999999808358)]	MEASLESgenome-B3 MEASLESgenome-H1	0.93103450 0.06896550	84.5497796982082	83.72341764187743
GCA_031128135.1_0.1_GCA_031129565.1_0.9_variants.tsv	[('Other', 0.9999999999907326)]	MEASLESgenome-D9 MEASLESgenome-D5	0.90977400 0.09022600	47.73534679785142	90.44293444066943
GCA_031112925.1_1_GCA_031129565.1_0_variants.tsv	[('Other', 0.9999999999976028)]	MEASLESgenome-A	1.00000000	10.313698029206938	92.50660626651566
GCA_031128115.1_0.3_GCA_031129565.1_0.7_variants.tsv	[('Other', 0.999999999925397)]	MEASLESgenome-D9 MEASLESgenome-D4	0.67796600 0.32203400	109.22625722557389	98.63470492009563
GCA_031128145.1_1_GCA_031129565.1_0_variants.tsv	[('Other', 0.9999999999651787)]	MEASLESgenome-D8	1.00000000	31.73787897680699	84.9502957090726
GCA_031128155.1_0.1_GCA_031128135.1_0.9_variants.tsv	[('Other', 0.999999999927937)]	MEASLESgenome-D5 MEASLESgenome-B3	0.93548390 0.06451610	32.60400054362066	91.90889643890776
GCA_031128135.1_0.4_GCA_031128185.1_0.6_variants.tsv	[('Other', 0.999999999816727)]	MEASLESgenome-H1 MEASLESgenome-D5	0.54054100 0.45945900	148.58111311431597	91.75160437901094
GCA_031128135.1_0.9_GCA_031128185.1_0.1_variants.tsv	[('Other', 1.0000000000010856)]	MEASLESgenome-D5 MEASLESgenome-H1	0.94326240 0.05673760	41.709086767063496	91.90889643890776
GCA_031112925.1_1_GCA_031128115.1_0_variants.tsv	[('Other', 0.9999999999976028)]	MEASLESgenome-A	1.00000000	10.313698029206938	92.50660626651566
GCA_031112925.1_0.6_GCA_031129565.1_0.4_variants.tsv	[('Other', 1.0000000001439948)]	MEASLESgenome-A MEASLESgenome-D9 MEASLESgenome-D6	0.61413000 0.38297901 0.00289099	82.1371283125499	97.23165974581603
GCA_031129565.1_0.1_GCA_031128185.1_0.9_variants.tsv	[('Other', 1.0000000000754548)]	MEASLESgenome-H1 MEASLESgenome-D9	0.90909100 0.09090900	122.13627983342197	81.99320498301246
GCA_031128155.1_0_GCA_031128145.1_1_variants.tsv	[('Other', 0.9999999999651787)]	MEASLESgenome-D8	1.00000000	31.73787897680699	84.9502957090726
GCA_031112925.1_0.6_GCA_031128135.1_0.4_variants.tsv	[('Other', 0.9999999999900437)]	MEASLESgenome-A MEASLESgenome-D5 MEASLESgenome-D6	0.60000000 0.39735100 0.00264900	33.234658162510755	94.06065181829621
GCA_031112925.1_0.4_GCA_031128145.1_0.6_variants.tsv	[('Other', 0.999999999996154)]	MEASLESgenome-D8 MEASLESgenome-A	0.60000000 0.40000000	49.222198949325346	94.35006920850635
GCA_031112925.1_0.9_GCA_031128145.1_0.1_variants.tsv	[('Other', 0.9999999998887212)]	MEASLESgenome-A MEASLESgenome-D8 MEASLESgenome-D6	0.90909100 0.08219180 0.00871720	20.736433136439153	92.69535673839185
GCA_031128115.1_0_GCA_031128185.1_1_variants.tsv	[('Other', 0.9999999999947301)]	MEASLESgenome-H1	1.00000000	38.09122385947258	67.03158424562729
GCA_031128155.1_0.1_GCA_031129565.1_0.9_variants.tsv	[('Other', 0.9999999995147841)]	MEASLESgenome-D9 MEASLESgenome-B3	0.93103400 0.06896600	65.62562021525324	87.03284258210645
GCA_031128115.1_1_GCA_031129565.1_0_variants.tsv	[('Other', 0.9999999999899933)]	MEASLESgenome-D4	1.00000000	37.31609381749831	91.82710456776142
GCA_031128145.1_0.7_GCA_031128185.1_0.3_variants.tsv	[('Other', 0.9999999999789603)]	MEASLESgenome-D8 MEASLESgenome-H1	0.75000000 0.25000000	106.26050645433257	87.10205108846105
GCA_031128155.1_0.6_GCA_031128185.1_0.4_variants.tsv	[('Other', 0.9999999968085207)]	MEASLESgenome-B3 MEASLESgenome-H1	0.62365602 0.37634397	134.85827353446007	84.9062539323015
GCA_031128135.1_0.1_GCA_031128145.1_0.9_variants.tsv	[('Other', 1.0000000000225058)]	MEASLESgenome-D8 MEASLESgenome-D5	0.91018000 0.08982000	49.99866295840047	90.10947527368819
GCA_031128115.1_0.3_GCA_031128145.1_0.7_variants.tsv	[('Other', 0.999999999821317)]	MEASLESgenome-D8 MEASLESgenome-D4	0.69230800 0.30769200	69.60324085829791	97.16245123946143
GCA_031112925.1_0.3_GCA_031128155.1_0.7_variants.tsv	[('Other', 0.9999999997207072)]	MEASLESgenome-B3 MEASLESgenome-A	0.66666700 0.33333300	71.36464503879213	93.6013590033975
GCA_031128145.1_0_GCA_031128185.1_1_variants.tsv	[('Other', 0.9999999999947301)]	MEASLESgenome-H1	1.00000000	38.09122385947258	67.03158424562729
GCA_031112925.1_0.1_GCA_031128185.1_0.9_variants.tsv	[('Other', 0.9999999997577493)]	MEASLESgenome-H1 MEASLESgenome-A	0.89189200 0.10810800	102.71186243652392	83.13829117906128
GCA_031128135.1_1_GCA_031128145.1_0_variants.tsv	[('Other', 0.9999999999993087)]	MEASLESgenome-D5	1.00000000	2.51921306799411	90.24789228639739
GCA_031112925.1_0.4_GCA_031129565.1_0.6_variants.tsv	[('Other', 0.9999999993856813)]	MEASLESgenome-D9 MEASLESgenome-A MEASLESgenome-D6	0.58682600 0.41059600 0.00257800	92.07875787208349	97.18132628664905
GCA_031112925.1_0.9_GCA_031129565.1_0.1_variants.tsv	[('Other', 1.0000000001692555)]	MEASLESgenome-A MEASLESgenome-D9 MEASLESgenome-D6	0.92000000 0.06896600 0.01103400	37.7243375381166	95.74053101799421
GCA_031128135.1_0.6_GCA_031128185.1_0.4_variants.tsv	[('Other', 0.9999999981587846)]	MEASLESgenome-D5 MEASLESgenome-H1	0.65384600 0.34615400	114.16977799015837	91.95293821567887
GCA_031128155.1_0.1_GCA_031128145.1_0.9_variants.tsv	[('Other', 0.9999999996833386)]	MEASLESgenome-D8 MEASLESgenome-B3	0.93548390 0.06451610	61.45359876280038	88.6560966402416
GCA_031112925.1_0_GCA_031128185.1_1_variants.tsv	[('Other', 0.9999999999947301)]	MEASLESgenome-H1	1.00000000	38.09122385947258	67.03158424562729
GCA_031112925.1_0.9_GCA_031128135.1_0.1_variants.tsv	[('Other', 0.9999999999920947)]	MEASLESgenome-A MEASLESgenome-D5 MEASLESgenome-D6	0.90714300 0.09027780 0.00257920	27.917566588766462	94.21165219579716
GCA_031112925.1_0.4_GCA_031128135.1_0.6_variants.tsv	[('Other', 0.9999999998926865)]	MEASLESgenome-D5 MEASLESgenome-A	0.60000000 0.40000000	32.85498648403892	94.20536051340129
GCA_031112925.1_0.6_GCA_031128145.1_0.4_variants.tsv	[('Other', 0.9999999999603799)]	MEASLESgenome-A MEASLESgenome-D8 MEASLESgenome-D6	0.60000000 0.38011700 0.01988300	39.89754120327734	93.20498301245753
GCA_031128145.1_0.2_GCA_031128185.1_0.8_variants.tsv	[('Other', 0.999999999953081)]	MEASLESgenome-H1 MEASLESgenome-D8	0.77777800 0.22222200	132.72887575540307	84.05687680885869
GCA_031112925.1_0_GCA_031128145.1_1_variants.tsv	[('Other', 0.9999999999651787)]	MEASLESgenome-D8	1.00000000	31.73787897680699	84.9502957090726
GCA_031128155.1_0.7_GCA_031129565.1_0.3_variants.tsv	[('Other', 0.9999999999810821)]	MEASLESgenome-B3 MEASLESgenome-D9	0.67692300 0.32307700	127.8294080286353	89.63130741160187
GCA_031128135.1_1_GCA_031128185.1_0_variants.tsv	[('Other', 0.9999999999993087)]	MEASLESgenome-D5	1.00000000	2.51921306799411	90.24789228639739
GCA_031128145.1_0.6_GCA_031129565.1_0.4_variants.tsv	[('Other', 1.0000000003038862)]	MEASLESgenome-D8 MEASLESgenome-D9	0.61538500 0.38461500	92.66212990636416	95.06732100163583
GCA_031128165.1_0.2_GCA_031128115.1_0.8_variants.tsv	[('Other', 0.9999999988884146)]	MEASLESgenome-D4 MEASLESgenome-D3	0.80000000 0.20000000	69.79291441132531	97.6532024663395
GCA_031128165.1_0_GCA_031129565.1_1_variants.tsv	[('Other', 0.9999999999999167)]	MEASLESgenome-D9	1.00000000	2.685368763284954	76.11048194287153
GCA_031128155.1_0.7_GCA_031128135.1_0.3_variants.tsv	[('Other', 0.9999999989987582)]	MEASLESgenome-B3 MEASLESgenome-D5	0.66666700 0.33333300	115.24769396046482	93.38115011954197
GCA_031128135.1_0.2_GCA_031129565.1_0.8_variants.tsv	[('Other', 0.9999999999949838)]	MEASLESgenome-D9 MEASLESgenome-D5	0.80000000 0.20000000	61.68595661039781	94.79677865861332
GCA_031129565.1_0.7_GCA_031128185.1_0.3_variants.tsv	[('Other', 0.9999999999466015)]	MEASLESgenome-D9 MEASLESgenome-H1	0.72000000 0.28000000	158.61753272371885	89.71939096514409
GCA_031128155.1_1_GCA_031128115.1_0_variants.tsv	[('Other', 0.9999999999943358)]	MEASLESgenome-B3	1.00000000	24.560379302014816	75.80848118786963
GCA_031112925.1_0.8_GCA_031129565.1_0.2_variants.tsv	[('Other', 1.000000000039862)]	MEASLESgenome-A MEASLESgenome-D9 MEASLESgenome-D6	0.81818200 0.17391300 0.00790500	51.3831813406164	96.21240719768466
GCA_031128155.1_0.2_GCA_031128135.1_0.8_variants.tsv	[('Other', 0.9999999999798499)]	MEASLESgenome-D5 MEASLESgenome-B3	0.83333300 0.16666700	51.65618594016763	92.04731345161696
GCA_031128165.1_0_GCA_031128115.1_1_variants.tsv	[('Other', 0.9999999999899933)]	MEASLESgenome-D4	1.00000000	37.31609381749831	91.82710456776142
GCA_031128155.1_1_GCA_031129565.1_0_variants.tsv	[('Other', 0.9999999999943358)]	MEASLESgenome-B3	1.00000000	24.560379302014816	75.80848118786963
GCA_031129565.1_0.2_GCA_031128185.1_0.8_variants.tsv	[('Other', 0.9999999998485608)]	MEASLESgenome-H1 MEASLESgenome-D9	0.79881700 0.20118300	162.8324841952945	87.56763558575562
GCA_031112925.1_0.5_GCA_031129565.1_0.5_variants.tsv	[('Other', 0.9999999995695136)]	MEASLESgenome-A MEASLESgenome-D9	0.50000000 0.50000000	76.64597760922975	97.38266012331698
GCA_031112925.1_0.3_GCA_031128115.1_0.7_variants.tsv	[('Other', 0.9999999996693653)]	MEASLESgenome-D4 MEASLESgenome-A MEASLESgenome-D6	0.68254000 0.31428600 0.00317400	66.53828219811453	97.5147854536303
GCA_031128135.1_0.7_GCA_031129565.1_0.3_variants.tsv	[('Other', 0.9999999999983975)]	MEASLESgenome-D5 MEASLESgenome-D9	0.70000000 0.30000000	57.47035318373566	95.1679879199698
GCA_031112925.1_0.5_GCA_031128135.1_0.5_variants.tsv	[('Other', 0.99999999997325)]	MEASLESgenome-D5 MEASLESgenome-A	0.50000000 0.50000000	19.58488043108099	94.14873537183843
GCA_031128165.1_0.7_GCA_031128115.1_0.3_variants.tsv	[('Other', 1.0000000000131932)]	MEASLESgenome-D3 MEASLESgenome-D4	0.70344800 0.29655200	70.0836955871138	97.38266012331698
GCA_031112925.1_0.8_GCA_031128135.1_0.2_variants.tsv	[('Other', 1.0000000000839062)]	MEASLESgenome-A MEASLESgenome-D5 MEASLESgenome-D6	0.79365100 0.19512200 0.01122700	31.276188422693462	94.37523593808984
GCA_031128155.1_0.2_GCA_031129565.1_0.8_variants.tsv	[('Other', 1.0000000000174991)]	MEASLESgenome-D9 MEASLESgenome-B3	0.81927700 0.18072300	100.18823211021551	89.62501572920598
GCA_031129565.1_0.4_GCA_031128185.1_0.6_variants.tsv	[('Other', 0.9999999999766807)]	MEASLESgenome-H1 MEASLESgenome-D9	0.57142900 0.42857100	196.0278165511906	89.31672329180823
GCA_031128155.1_0.9_GCA_031128135.1_0.1_variants.tsv	[('Other', 0.9999999997258886)]	MEASLESgenome-B3 MEASLESgenome-D5	0.90476200 0.09523800	82.14133297120756	85.95067321001636
GCA_031128135.1_0.1_GCA_031128185.1_0.9_variants.tsv	[('Other', 0.9999999991029083)]	MEASLESgenome-H1 MEASLESgenome-D5	0.89690700 0.10309300	127.16815401273065	83.13199949666541
GCA_031128155.1_0.6_GCA_031128145.1_0.4_variants.tsv	[('Other', 0.9999999990186371)]	MEASLESgenome-B3 MEASLESgenome-D8 MEASLESgenome-D6	0.58260900 0.40000000 0.01739100	96.20786593192216	88.49880458034478
GCA_031128115.1_0.3_GCA_031128185.1_0.7_variants.tsv	[('Other', 0.9999999997950738)]	MEASLESgenome-H1 MEASLESgenome-D4	0.64705900 0.35294100	186.55438538023094	94.09211023027558
GCA_031129565.1_0.9_GCA_031128185.1_0.1_variants.tsv	[('Other', 0.9999999991323942)]	MEASLESgenome-D9 MEASLESgenome-H1	0.94736800 0.05263200	87.67302040454115	87.39776016106707
GCA_031128155.1_0.4_GCA_031128135.1_0.6_variants.tsv	[('Other', 0.9999999988789536)]	MEASLESgenome-D5 MEASLESgenome-B3 MEASLESgenome-D6	0.62025300 0.37209300 0.00765400	89.23507612865825	93.40002516672958
GCA_031128155.1_0.4_GCA_031129565.1_0.6_variants.tsv	[('Other', 0.9999999998715912)]	MEASLESgenome-D9 MEASLESgenome-B3	0.61702100 0.38297900	126.1034777647795	89.75714105951931
GCA_031128145.1_0.8_GCA_031128185.1_0.2_variants.tsv	[('Other', 1.0000000000052447)]	MEASLESgenome-D8 MEASLESgenome-H1	0.83606600 0.16393400	89.81048120906117	87.27821819554549
GCA_031112925.1_0.1_GCA_031128145.1_0.9_variants.tsv	[('Other', 1.0000000004661838)]	MEASLESgenome-D8 MEASLESgenome-A	0.90909090 0.09090910	45.68668275580512	90.27305901598088
GCA_031128145.1_0.5_GCA_031128185.1_0.5_variants.tsv	[('Other', 0.999999999967935)]	MEASLESgenome-D8 MEASLESgenome-H1	0.52941200 0.47058800	128.70224977346084	86.56725808481188
GCA_031128155.1_0.9_GCA_031129565.1_0.1_variants.tsv	[('Other', 0.9999999995177906)]	MEASLESgenome-B3 MEASLESgenome-D9	0.91477300 0.08522700	82.65552969925116	84.22046055115138
GCA_031128165.1_0.4_GCA_031128115.1_0.6_variants.tsv	[('Other', 0.9999999999892687)]	MEASLESgenome-D4 MEASLESgenome-D3	0.59162300 0.40837700	71.78265018181453	97.5147854536303
GCA_031128165.1_0.9_GCA_031128115.1_0.1_variants.tsv	[('Other', 0.9999999997167051)]	MEASLESgenome-D3 MEASLESgenome-D4	0.92307690 0.07692310	52.75102993271102	95.87894803070341
GCA_031128155.1_0.1_GCA_031128185.1_0.9_variants.tsv	[('Other', 0.9999999999828512)]	MEASLESgenome-H1 MEASLESgenome-B3	0.91044800 0.08955200	96.64775222922879	78.36290424059393
GCA_031128135.1_0.6_GCA_031128145.1_0.4_variants.tsv	[('Other', 0.9999999996961357)]	MEASLESgenome-D5 MEASLESgenome-D8	0.60416700 0.39583300	45.89982554093707	92.90927393985152
GCA_031128115.1_0_GCA_031128135.1_1_variants.tsv	[('Other', 0.9999999999993087)]	MEASLESgenome-D5	1.00000000	2.51921306799411	90.24789228639739
GCA_031128135.1_0.4_GCA_031129565.1_0.6_variants.tsv	[('Other', 0.9999999999319186)]	MEASLESgenome-D9 MEASLESgenome-D5	0.58823500 0.41176500	67.68898053263953	95.19944633194916
GCA_031128135.1_0.9_GCA_031129565.1_0.1_variants.tsv	[('Other', 1.000000000005673)]	MEASLESgenome-D5 MEASLESgenome-D9	0.92000000 0.08000000	26.633196733285025	93.43777526110482
GCA_031112925.1_0.6_GCA_031128185.1_0.4_variants.tsv	[('Other', 0.9999999999383943)]	MEASLESgenome-A MEASLESgenome-H1	0.66666700 0.33333300	89.40131946431474	92.24864728828489
GCA_031128155.1_0.5_GCA_031128135.1_0.5_variants.tsv	[('Other', 0.9999999998463877)]	MEASLESgenome-D5 MEASLESgenome-B3 MEASLESgenome-D6	0.50000000 0.49624101 0.00375899	96.44616925044826	93.626525732981
GCA_031129565.1_0.8_GCA_031128185.1_0.2_variants.tsv	[('Other', 1.0000000001149008)]	MEASLESgenome-D9 MEASLESgenome-H1	0.82389900 0.17610100	127.31353376453366	89.16572291430728
GCA_031128155.1_0.8_GCA_031128135.1_0.2_variants.tsv	[('Other', 0.9999999999769345)]	MEASLESgenome-B3 MEASLESgenome-D5 MEASLESgenome-D6	0.78378400 0.20779200 0.00842400	109.95609226498684	92.68906505599597
GCA_031129565.1_0.5_GCA_031128185.1_0.5_variants.tsv	[('Other', 0.9999999992262909)]	MEASLESgenome-D9 MEASLESgenome-H1	0.50340099 0.49659901	189.3191123238656	89.82634956587391
GCA_031112925.1_0.2_GCA_031129565.1_0.8_variants.tsv	[('Other', 1.000000000073393)]	MEASLESgenome-D9 MEASLESgenome-A	0.79891300 0.20108700	78.3181496137145	95.26865483830376
GCA_031112925.1_1_GCA_031128165.1_0_variants.tsv	[('Other', 0.9999999999976028)]	MEASLESgenome-A	1.00000000	10.313698029206938	92.50660626651566
GCA_031128155.1_0_GCA_031128135.1_1_variants.tsv	[('Other', 0.9999999999993087)]	MEASLESgenome-D5	1.00000000	2.51921306799411	90.24789228639739
GCA_031128145.1_0.4_GCA_031128185.1_0.6_variants.tsv	[('Other', 0.9999999999655625)]	MEASLESgenome-H1 MEASLESgenome-D8	0.56097600 0.43902400	138.0267153183215	85.59833899584748
GCA_031128155.1_0.8_GCA_031129565.1_0.2_variants.tsv	[('Other', 0.9999999993182525)]	MEASLESgenome-B3 MEASLESgenome-D9 MEASLESgenome-D6	0.80000000 0.19672100 0.00327900	115.78049964264008	89.10909777274443
GCA_031112925.1_0.2_GCA_031128135.1_0.8_variants.tsv	[('Other', 0.99999999935114)]	MEASLESgenome-D5 MEASLESgenome-A	0.80392199 0.19607800	29.058656655168384	94.13615200704669
GCA_031128155.1_0.3_GCA_031128115.1_0.7_variants.tsv	[('Other', 0.9999999996390818)]	MEASLESgenome-D4 MEASLESgenome-B3 MEASLESgenome-D6	0.71739100 0.27586200 0.00674700	109.12740050747226	97.02403422675224
GCA_031128155.1_0.5_GCA_031129565.1_0.5_variants.tsv	[('Other', 0.9999999999824052)]	MEASLESgenome-D9 MEASLESgenome-B3	0.50000000 0.50000000	125.99012222873074	89.68793255316471
GCA_031128145.1_0.9_GCA_031128185.1_0.1_variants.tsv	[('Other', 1.0000000008661662)]	MEASLESgenome-D8 MEASLESgenome-H1	0.93750000 0.06250000	66.32320099351156	86.78746696866742
GCA_031112925.1_0.7_GCA_031128135.1_0.3_variants.tsv	[('Other', 1.0000000000015836)]	MEASLESgenome-A MEASLESgenome-D5 MEASLESgenome-D6	0.68571400 0.30769200 0.00659400	33.916449865387044	94.17390210142192
GCA_031128165.1_0.8_GCA_031128115.1_0.2_variants.tsv	[('Other', 0.9999999992868613)]	MEASLESgenome-D3 MEASLESgenome-D4	0.82608697 0.17391303	57.74828931110531	96.02365672580848
GCA_031128165.1_1_GCA_031128135.1_0_variants.tsv	[('Other', 0.9999999999236365)]	MEASLESgenome-D3	1.00000000	40.116216631586454	93.9285264879829
GCA_031128165.1_0.3_GCA_031129565.1_0.7_variants.tsv	[('Other', 0.9999999999541574)]	MEASLESgenome-D9 MEASLESgenome-D3	0.68181800 0.31818200	62.13021101468328	97.11840946269032
GCA_031128165.1_0.5_GCA_031128115.1_0.5_variants.tsv	[('Other', 0.9999999999888318)]	MEASLESgenome-D3 MEASLESgenome-D4	0.50000000 0.50000000	68.99294461549488	97.5588272304014
GCA_031128145.1_0.1_GCA_031129565.1_0.9_variants.tsv	[('Other', 1.0000000000899936)]	MEASLESgenome-D9 MEASLESgenome-D8	0.91666670 0.08333330	51.74359633860084	90.2227255568139
GCA_031128135.1_0.8_GCA_031129565.1_0.2_variants.tsv	[('Other', 0.9999999999914261)]	MEASLESgenome-D5 MEASLESgenome-D9	0.82035900 0.17964100	37.97822491602758	93.88448471121178
GCA_031128165.1_0.3_GCA_031128135.1_0.7_variants.tsv	[('Other', 0.999999999998048)]	MEASLESgenome-D5 MEASLESgenome-D3	0.68627500 0.31372500	40.81674633618343	95.60840568768089
GCA_031128135.1_0.5_GCA_031129565.1_0.5_variants.tsv	[('Other', 0.9999999999806529)]	MEASLESgenome-D5 MEASLESgenome-D9	0.50000000 0.50000000	57.01545186247263	95.11765446080283
GCA_031112925.1_0.7_GCA_031129565.1_0.3_variants.tsv	[('Other', 0.9999999977022793)]	MEASLESgenome-A MEASLESgenome-D9	0.70198700 0.29801300	74.42605282204819	97.43299358248396
GCA_031128115.1_0.8_GCA_031128145.1_0.2_variants.tsv	[('Other', 0.9999999989374131)]	MEASLESgenome-D4 MEASLESgenome-D8	0.80487800 0.19512200	69.33496117564934	97.6532024663395
GCA_031128165.1_0_GCA_031128185.1_1_variants.tsv	[('Other', 0.9999999999947301)]	MEASLESgenome-H1	1.00000000	38.09122385947258	67.03158424562729
GCA_031128115.1_0.5_GCA_031128145.1_0.5_variants.tsv	[('Other', 0.9999999999796316)]	MEASLESgenome-D8 MEASLESgenome-D4	0.50000000 0.50000000	66.40539034959583	97.39524348810872
GCA_031112925.1_0.5_GCA_031128155.1_0.5_variants.tsv	[('Other', 0.9999999991006285)]	MEASLESgenome-A MEASLESgenome-B3	0.50000000 0.50000000	63.653309209164554	94.1109852774632
GCA_031112925.1_0.8_GCA_031128155.1_0.2_variants.tsv	[('Other', 0.9999999997844635)]	MEASLESgenome-A MEASLESgenome-B3	0.83333300 0.16666700	31.255014483892325	92.46885617214043
GCA_031128115.1_0.7_GCA_031128185.1_0.3_variants.tsv	[('Other', 0.9999999986072153)]	MEASLESgenome-D4 MEASLESgenome-H1	0.76388900 0.23611100	129.4332809155745	95.34415502705423
GCA_031128165.1_0.1_GCA_031128145.1_0.9_variants.tsv	[('Other', 0.9999999999787808)]	MEASLESgenome-D8 MEASLESgenome-D3	0.90909100 0.09090900	52.00280773967214	91.78935447338618
GCA_031128135.1_1_GCA_031129565.1_0_variants.tsv	[('Other', 0.9999999999993087)]	MEASLESgenome-D5	1.00000000	2.51921306799411	90.24789228639739
GCA_031112925.1_0.4_GCA_031128115.1_0.6_variants.tsv	[('Other', 0.9999999999250166)]	MEASLESgenome-D4 MEASLESgenome-A	0.59731500 0.40268500	62.589114800131654	97.41411853529634
GCA_031112925.1_0.6_GCA_031128165.1_0.4_variants.tsv	[('Other', 0.9999999999705418)]	MEASLESgenome-A MEASLESgenome-D3	0.59130400 0.40869600	44.5216607226111	95.67132251163962
GCA_031128115.1_0.2_GCA_031128185.1_0.8_variants.tsv	[('Other', 0.9999999995364661)]	MEASLESgenome-H1 MEASLESgenome-D4 MEASLESgenome-D6	0.77777800 0.21276600 0.00945600	133.85494673046935	88.59317981628287
GCA_031112925.1_0.9_GCA_031128115.1_0.1_variants.tsv	[('Other', 0.9999999998666617)]	MEASLESgenome-A MEASLESgenome-D4 MEASLESgenome-D6	0.91018000 0.08000000 0.00982000	25.404947469863302	94.21165219579716
GCA_031128115.1_1_GCA_031128145.1_0_variants.tsv	[('Other', 0.9999999999899933)]	MEASLESgenome-D4	1.00000000	37.31609381749831	91.82710456776142
GCA_031128155.1_0.1_GCA_031128165.1_0.9_variants.tsv	[('Other', 1.000000000559091)]	MEASLESgenome-D3 MEASLESgenome-B3	0.95454550 0.04545450	64.41492687195667	95.87894803070341
GCA_031128165.1_0.6_GCA_031128185.1_0.4_variants.tsv	[('Other', 0.9999999999638929)]	MEASLESgenome-D3 MEASLESgenome-H1	0.67539300 0.32460700	136.37840674764107	95.62098905247264
GCA_031128155.1_1_GCA_031128185.1_0_variants.tsv	[('Other', 0.9999999999943358)]	MEASLESgenome-B3	1.00000000	24.560379302014816	75.80848118786963
GCA_031128115.1_0.4_GCA_031128145.1_0.6_variants.tsv	[('Other', 0.9999999996983933)]	MEASLESgenome-D8 MEASLESgenome-D4	0.61250000 0.38750000	65.85948296175371	97.06178432112748
GCA_031128145.1_0_GCA_031129565.1_1_variants.tsv	[('Other', 0.9999999999999167)]	MEASLESgenome-D9	1.00000000	2.685368763284954	76.11048194287153
GCA_031128115.1_0.6_GCA_031128135.1_0.4_variants.tsv	[('Other', 0.9999999998645459)]	MEASLESgenome-D4 MEASLESgenome-D5	0.60000000 0.40000000	74.18940513126047	97.33232666414999
GCA_031128165.1_0.2_GCA_031129565.1_0.8_variants.tsv	[('Other', 0.9999999999992009)]	MEASLESgenome-D9 MEASLESgenome-D3	0.79899500 0.20100500	54.83220216344754	95.26236315590789
GCA_031112925.1_0_GCA_031128115.1_1_variants.tsv	[('Other', 0.9999999999899933)]	MEASLESgenome-D4	1.00000000	37.31609381749831	91.82710456776142
GCA_031128155.1_0.7_GCA_031128115.1_0.3_variants.tsv	[('Other', 0.9999999984059478)]	MEASLESgenome-B3 MEASLESgenome-D4	0.66666700 0.33333300	127.14424845213456	96.37599093997736
GCA_031128115.1_0.9_GCA_031128145.1_0.1_variants.tsv	[('Other', 0.9999999987552518)]	MEASLESgenome-D4 MEASLESgenome-D8	0.91489400 0.08510600	58.13988092511377	96.67799169497924
GCA_031112925.1_0.9_GCA_031128155.1_0.1_variants.tsv	[('Other', 0.999999999669104)]	MEASLESgenome-A MEASLESgenome-B3	0.93617020 0.06382980	23.8674727611196	92.69535673839185
GCA_031128165.1_0.2_GCA_031128135.1_0.8_variants.tsv	[('Other', 1.0000000000005063)]	MEASLESgenome-D5 MEASLESgenome-D3	0.80000000 0.20000000	27.246269845847614	94.13615200704669
GCA_031128155.1_1_GCA_031128145.1_0_variants.tsv	[('Other', 0.9999999999943358)]	MEASLESgenome-B3	1.00000000	24.560379302014816	75.80848118786963
GCA_031128115.1_0.6_GCA_031129565.1_0.4_variants.tsv	[('Other', 0.9999999999611691)]	MEASLESgenome-D4 MEASLESgenome-D9	0.61363600 0.38636400	108.68087094394069	99.15691455895306
GCA_031128115.1_1_GCA_031128185.1_0_variants.tsv	[('Other', 0.9999999999899933)]	MEASLESgenome-D4	1.00000000	37.31609381749831	91.82710456776142
GCA_031112925.1_0.4_GCA_031128155.1_0.6_variants.tsv	[('Other', 0.9999999994634123)]	MEASLESgenome-B3 MEASLESgenome-A	0.57142899 0.42857101	63.977241021188576	93.5573172266264
GCA_031128165.1_0.7_GCA_031128135.1_0.3_variants.tsv	[('Other', 1.0000000000006193)]	MEASLESgenome-D3 MEASLESgenome-D5	0.69426800 0.30573200	50.832320101480654	95.80973952434881
GCA_031129565.1_1_GCA_031128185.1_0_variants.tsv	[('Other', 0.9999999999999167)]	MEASLESgenome-D9	1.00000000	2.685368763284954	76.11048194287153
GCA_031112925.1_0.8_GCA_031128115.1_0.2_variants.tsv	[('Other', 0.9999999999921055)]	MEASLESgenome-A MEASLESgenome-D4 MEASLESgenome-D6	0.80952400 0.18181800 0.00865800	30.380561015089782	94.26827733736
GCA_031112925.1_0.3_GCA_031129565.1_0.7_variants.tsv	[('Other', 0.9999999999958499)]	MEASLESgenome-D9 MEASLESgenome-A MEASLESgenome-D6	0.67692300 0.31914900 0.00392800	90.26601385387838	97.11840946269032
GCA_031112925.1_0.5_GCA_031128115.1_0.5_variants.tsv	[('Other', 0.9999999999816027)]	MEASLESgenome-A MEASLESgenome-D4	0.50000000 0.50000000	57.495481791212384	97.39524348810872
GCA_031128165.1_0_GCA_031128145.1_1_variants.tsv	[('Other', 0.9999999999651787)]	MEASLESgenome-D8	1.00000000	31.73787897680699	84.9502957090726
GCA_031112925.1_0.3_GCA_031128135.1_0.7_variants.tsv	[('Other', 1.0000000001134022)]	MEASLESgenome-D5 MEASLESgenome-A MEASLESgenome-D6	0.69230800 0.30303000 0.00466200	31.74750846824297	94.1801937838178
GCA_031128155.1_0.2_GCA_031128115.1_0.8_variants.tsv	[('Other', 1.0000000001310059)]	MEASLESgenome-D4 MEASLESgenome-B3	0.84000000 0.16000000	93.62040927862776	97.22536806342016
GCA_031112925.1_0_GCA_031129565.1_1_variants.tsv	[('Other', 0.9999999999999167)]	MEASLESgenome-D9	1.00000000	2.685368763284954	76.11048194287153
GCA_031128165.1_0.7_GCA_031129565.1_0.3_variants.tsv	[('Other', 0.9999999999855715)]	MEASLESgenome-D3 MEASLESgenome-D9	0.71337600 0.28662400	64.34267771423097	97.63432741915189
GCA_031112925.1_0.1_GCA_031128165.1_0.9_variants.tsv	[('Other', 1.000000001767315)]	MEASLESgenome-D3 MEASLESgenome-A	0.91194970 0.08805030	50.46918135453633	95.87894803070341
GCA_031128115.1_0.8_GCA_031128185.1_0.2_variants.tsv	[('Other', 0.9999999998947635)]	MEASLESgenome-D4 MEASLESgenome-H1	0.84210500 0.15789500	106.634780722345	95.54548886372216
GCA_031112925.1_0.7_GCA_031128155.1_0.3_variants.tsv	[('Other', 0.9999999999015187)]	MEASLESgenome-A MEASLESgenome-B3	0.72222200 0.27777800	49.06118849707494	93.6705675097521
GCA_031128115.1_0.5_GCA_031128185.1_0.5_variants.tsv	[('Other', 0.9999999972247458)]	MEASLESgenome-D4 MEASLESgenome-H1	0.54545500 0.45454500	163.3951864319067	95.00440417767712
GCA_031128155.1_0.6_GCA_031128165.1_0.4_variants.tsv	[('Other', 0.9999999999240793)]	MEASLESgenome-B3 MEASLESgenome-D3	0.56603800 0.43396200	107.86682699733645	95.45740531017994
GCA_031128155.1_0.4_GCA_031128115.1_0.6_variants.tsv	[('Other', 0.9999999990512425)]	MEASLESgenome-D4 MEASLESgenome-B3	0.62500000 0.37500000	113.09785922689727	96.88561721404304
GCA_031128165.1_0.1_GCA_031128185.1_0.9_variants.tsv	[('Other', 0.9999999965553424)]	MEASLESgenome-H1 MEASLESgenome-D3	0.89411800 0.10588200	126.99570553977499	84.96287907386436
GCA_031128155.1_0.9_GCA_031128115.1_0.1_variants.tsv	[('Other', 0.9999999999687029)]	MEASLESgenome-B3 MEASLESgenome-D4 MEASLESgenome-D6	0.90839700 0.08860760 0.00299540	77.89207459873224	86.85038379262615
GCA_031128115.1_0.7_GCA_031128145.1_0.3_variants.tsv	[('Other', 0.9999999999476422)]	MEASLESgenome-D4 MEASLESgenome-D8 MEASLESgenome-D11	0.68421100 0.30769200 0.00809700	71.90809366600513	97.47703535925507
GCA_031128145.1_0.3_GCA_031128185.1_0.7_variants.tsv	[('Other', 0.9999999969697697)]	MEASLESgenome-H1 MEASLESgenome-D8	0.66000000 0.34000000	145.05191989298135	85.03837926261482
GCA_031128165.1_0.4_GCA_031129565.1_0.6_variants.tsv	[('Other', 0.9999999999462481)]	MEASLESgenome-D9 MEASLESgenome-D3	0.58064500 0.41935500	66.48845696033875	97.18132628664905
GCA_031128165.1_0.9_GCA_031129565.1_0.1_variants.tsv	[('Other', 0.9999999999993523)]	MEASLESgenome-D3 MEASLESgenome-D9	0.92682930 0.07317070	55.869621035343485	97.40782685290047
GCA_031128115.1_0.2_GCA_031128145.1_0.8_variants.tsv	[('Other', 0.9999999986229189)]	MEASLESgenome-D8 MEASLESgenome-D4	0.81818200 0.18181800	57.39621340797771	94.19277714860954
GCA_031112925.1_0.2_GCA_031128155.1_0.8_variants.tsv	[('Other', 0.9999999999699254)]	MEASLESgenome-B3 MEASLESgenome-A	0.78571400 0.21428600	63.086296403615975	91.24826978734113
GCA_031128165.1_0.9_GCA_031128135.1_0.1_variants.tsv	[('Other', 1.0000000003475882)]	MEASLESgenome-D3 MEASLESgenome-D5	0.91666670 0.08333330	48.726360929912374	95.87894803070341
GCA_031128165.1_0.4_GCA_031128135.1_0.6_variants.tsv	[('Other', 1.0000000000038016)]	MEASLESgenome-D5 MEASLESgenome-D3	0.59259300 0.40740700	42.94209415934425	95.63357241726438
GCA_031128165.1_0.6_GCA_031128145.1_0.4_variants.tsv	[('Other', 0.9999999999007756)]	MEASLESgenome-D3 MEASLESgenome-D8	0.61739100 0.38260900	62.292646945228284	96.2501572920599
GCA_031128155.1_0.3_GCA_031128135.1_0.7_variants.tsv	[('Other', 0.9999999998378887)]	MEASLESgenome-D5 MEASLESgenome-B3	0.72561000 0.27439000	81.13377625530487	93.33710834277086
GCA_031112925.1_1_GCA_031128135.1_0_variants.tsv	[('Other', 0.9999999999976028)]	MEASLESgenome-A	1.00000000	10.313698029206938	92.50660626651566
GCA_031128115.1_0.4_GCA_031128185.1_0.6_variants.tsv	[('Other', 0.9999999985101778)]	MEASLESgenome-H1 MEASLESgenome-D4 MEASLESgenome-D6	0.54545496 0.45098000 0.00356504	171.7908330787041	94.48848622121555
GCA_031112925.1_0.2_GCA_031128115.1_0.8_variants.tsv	[('Other', 0.999999999909112)]	MEASLESgenome-D4 MEASLESgenome-A	0.80000000 0.20000000	67.59136621199352	97.6532024663395
GCA_031128115.1_0.9_GCA_031128185.1_0.1_variants.tsv	[('Other', 0.9999999999231701)]	MEASLESgenome-D4 MEASLESgenome-H1	0.94488190 0.05511810	74.23484513967627	94.58286145715364
GCA_031129565.1_0.3_GCA_031128185.1_0.7_variants.tsv	[('Other', 0.9999999999139919)]	MEASLESgenome-H1 MEASLESgenome-D9	0.66850800 0.33149200	200.49159507804984	89.24751478545363
GCA_031128155.1_0.8_GCA_031128115.1_0.2_variants.tsv	[('Other', 0.9999999995291111)]	MEASLESgenome-B3 MEASLESgenome-D4 MEASLESgenome-D6	0.79021000 0.20000000 0.00979000	101.57776833101694	92.45627280734868
GCA_031128155.1_0_GCA_031128165.1_1_variants.tsv	[('Other', 0.9999999999236365)]	MEASLESgenome-D3	1.00000000	40.116216631586454	93.9285264879829
GCA_031128155.1_0.5_GCA_031128115.1_0.5_variants.tsv	[('Other', 0.9999999821574518)]	MEASLESgenome-D4 MEASLESgenome-B3 MEASLESgenome-C2	0.50000002 0.49740899 0.00259097	116.81797984847452	96.97370076758526
GCA_031128155.1_0.3_GCA_031129565.1_0.7_variants.tsv	[('Other', 0.9999999992300748)]	MEASLESgenome-D9 MEASLESgenome-B3	0.70552100 0.29447900	114.65919288966154	89.6438907763936
GCA_031128165.1_0.8_GCA_031129565.1_0.2_variants.tsv	[('Other', 1.000000000006693)]	MEASLESgenome-D3 MEASLESgenome-D9	0.82702700 0.17297300	62.44628213469129	97.86082798540329
GCA_031128115.1_0.1_GCA_031128135.1_0.9_variants.tsv	[('Other', 0.9999999999895683)]	MEASLESgenome-D5 MEASLESgenome-D4	0.91666700 0.08333300	27.17116373601963	93.57619227381402
GCA_031128165.1_0.5_GCA_031129565.1_0.5_variants.tsv	[('Other', 0.9999999999970544)]	MEASLESgenome-D3 MEASLESgenome-D9	0.50000000 0.50000000	62.00342107863709	97.54624386560967
GCA_031128165.1_0.3_GCA_031128115.1_0.7_variants.tsv	[('Other', 0.9999999986537936)]	MEASLESgenome-D4 MEASLESgenome-D3	0.68254000 0.31746000	70.48031257423233	97.52107713602618
GCA_031128165.1_0.5_GCA_031128135.1_0.5_variants.tsv	[('Other', 0.9999999999287909)]	MEASLESgenome-D3 MEASLESgenome-D5	0.50000000 0.50000000	39.04339829337492	95.89782307789103
GCA_031112925.1_1_GCA_031128155.1_0_variants.tsv	[('Other', 0.9999999999976028)]	MEASLESgenome-A	1.00000000	10.313698029206938	92.50660626651566
GCA_031128135.1_0.3_GCA_031129565.1_0.7_variants.tsv	[('Other', 0.9999999998369469)]	MEASLESgenome-D9 MEASLESgenome-D5	0.67796600 0.32203400	68.39597891564134	95.07361268403172
GCA_031112925.1_0.7_GCA_031128115.1_0.3_variants.tsv	[('Other', 0.9999999998971416)]	MEASLESgenome-A MEASLESgenome-D4	0.69594600 0.30405400	51.94390049495691	97.06807600352334
GCA_031128165.1_0.8_GCA_031128135.1_0.2_variants.tsv	[('Other', 0.999999999993499)]	MEASLESgenome-D3 MEASLESgenome-D5	0.81250000 0.18750000	49.284240051647174	96.02365672580848
GCA_031128115.1_0.1_GCA_031129565.1_0.9_variants.tsv	[('Other', 0.9999999999905198)]	MEASLESgenome-D9 MEASLESgenome-D4	0.91666700 0.08333300	59.644193771776706	92.00327167484585
GCA_031112925.1_0.2_GCA_031128165.1_0.8_variants.tsv	[('Other', 1.000000000127696)]	MEASLESgenome-D3 MEASLESgenome-A	0.80645200 0.19354800	51.8421827994399	96.02365672580848
GCA_031128115.1_0.6_GCA_031128185.1_0.4_variants.tsv	[('Other', 0.999999999919329)]	MEASLESgenome-D4 MEASLESgenome-H1	0.65354300 0.34645700	144.8256928411116	95.28752988549138
GCA_031128155.1_0.3_GCA_031128145.1_0.7_variants.tsv	[('Other', 0.9999999985553053)]	MEASLESgenome-D8 MEASLESgenome-B3	0.71337601 0.28662399	92.82158595513856	89.76343274191518
GCA_031128155.1_0.5_GCA_031128165.1_0.5_variants.tsv	[('Other', 0.9999999998326178)]	MEASLESgenome-D3 MEASLESgenome-B3	0.50757596 0.49242404	103.30072277488348	95.89782307789103
GCA_031128115.1_1_GCA_031128135.1_0_variants.tsv	[('Other', 0.9999999999899933)]	MEASLESgenome-D4	1.00000000	37.31609381749831	91.82710456776142
GCA_031128165.1_0.2_GCA_031128185.1_0.8_variants.tsv	[('Other', 0.9999999998018192)]	MEASLESgenome-H1 MEASLESgenome-D3	0.76923100 0.23076900	152.6689230344631	90.90851893796402
GCA_031128155.1_0.8_GCA_031128165.1_0.2_variants.tsv	[('Other', 1.000000000600547)]	MEASLESgenome-B3 MEASLESgenome-D3	0.78378400 0.21621600	98.57227039877601	92.94702403422676
GCA_031128135.1_0.3_GCA_031128145.1_0.7_variants.tsv	[('Other', 1.0000000002611773)]	MEASLESgenome-D8 MEASLESgenome-D5	0.69230800 0.30769200	58.27535390904013	94.12356864225494
GCA_031128165.1_0.7_GCA_031128185.1_0.3_variants.tsv	[('Other', 0.9999999998236365)]	MEASLESgenome-D3 MEASLESgenome-H1	0.78321700 0.21678300	124.51837396240249	95.82232288914055
GCA_031128115.1_0.1_GCA_031128145.1_0.9_variants.tsv	[('Other', 0.9999999990076461)]	MEASLESgenome-D8 MEASLESgenome-D4	0.92000000 0.08000000	50.27784941678055	91.78935447338618
GCA_031112925.1_0.1_GCA_031128155.1_0.9_variants.tsv	[('Other', 0.9999999999612322)]	MEASLESgenome-B3 MEASLESgenome-A	0.90476200 0.09523800	53.02301752394331	86.06392349314207
GCA_031128165.1_0.8_GCA_031128145.1_0.2_variants.tsv	[('Other', 1.0000000001658456)]	MEASLESgenome-D3 MEASLESgenome-D8	0.82352900 0.17647100	55.077310481321824	96.02365672580848
GCA_031112925.1_0.7_GCA_031128165.1_0.3_variants.tsv	[('Other', 0.9999999980932226)]	MEASLESgenome-A MEASLESgenome-D3	0.68750000 0.31250000	43.419991286433714	95.66503082924373
GCA_031112925.1_0.3_GCA_031128185.1_0.7_variants.tsv	[('Other', 0.9999999999775497)]	MEASLESgenome-H1 MEASLESgenome-A	0.63829800 0.36170200	129.0703155510463	91.50622876557192
GCA_031128165.1_0.5_GCA_031128145.1_0.5_variants.tsv	[('Other', 1.0000000000021032)]	MEASLESgenome-D3 MEASLESgenome-D8	0.50000000 0.50000000	64.49957757405927	97.62174405436014
GCA_031128115.1_0.7_GCA_031129565.1_0.3_variants.tsv	[('Other', 0.9999999997307404)]	MEASLESgenome-D4 MEASLESgenome-D9	0.70520200 0.29479800	102.13428694346936	99.32678998364163
GCA_031128165.1_0_GCA_031128135.1_1_variants.tsv	[('Other', 0.9999999999993087)]	MEASLESgenome-D5	1.00000000	2.51921306799411	90.24789228639739
GCA_031112925.1_0.1_GCA_031128115.1_0.9_variants.tsv	[('Other', 1.00000000036004)]	MEASLESgenome-D4 MEASLESgenome-A	0.90963860 0.09036140	59.04281807928634	96.67799169497924
GCA_031128115.1_0.7_GCA_031128135.1_0.3_variants.tsv	[('Other', 0.9999999998926908)]	MEASLESgenome-D4 MEASLESgenome-D5	0.68636400 0.31363600	75.08202076403244	97.46445199446332
GCA_031128155.1_0.9_GCA_031128165.1_0.1_variants.tsv	[('Other', 0.9999999998838126)]	MEASLESgenome-B3 MEASLESgenome-D3	0.90374300 0.09625700	81.30335553633711	87.58651063294325
GCA_031128155.1_0.4_GCA_031128165.1_0.6_variants.tsv	[('Other', 1.0000000000573506)]	MEASLESgenome-D3 MEASLESgenome-B3	0.64189200 0.35810800	96.20000709058766	95.63986409966024
GCA_031128155.1_0.6_GCA_031128115.1_0.4_variants.tsv	[('Other', 0.9999999995580375)]	MEASLESgenome-B3 MEASLESgenome-D4 MEASLESgenome-D6	0.57142900 0.42105300 0.00751800	121.89639504456773	96.48924122310306
GCA_031128115.1_0.2_GCA_031128135.1_0.8_variants.tsv	[('Other', 0.9999999998939866)]	MEASLESgenome-D5 MEASLESgenome-D4	0.81481500 0.18518500	37.02042229430981	94.13615200704669
GCA_031112925.1_0_GCA_031128165.1_1_variants.tsv	[('Other', 0.9999999999236365)]	MEASLESgenome-D3	1.00000000	40.116216631586454	93.9285264879829
GCA_031128165.1_0.6_GCA_031129565.1_0.4_variants.tsv	[('Other', 0.9999999999955163)]	MEASLESgenome-D3 MEASLESgenome-D9	0.61111100 0.38888900	66.45343720095832	97.39524348810872
GCA_031128165.1_0.6_GCA_031128135.1_0.4_variants.tsv	[('Other', 0.9999999998972509)]	MEASLESgenome-D3 MEASLESgenome-D5	0.60869600 0.39130400	47.04562302177078	95.652447464452
GCA_031128165.1_0.4_GCA_031128145.1_0.6_variants.tsv	[('Other', 1.0000000003190803)]	MEASLESgenome-D8 MEASLESgenome-D3	0.59036100 0.40963900	67.07174295895317	97.14357619227381
GCA_031128155.1_1_GCA_031128135.1_0_variants.tsv	[('Other', 0.9999999999943358)]	MEASLESgenome-B3	1.00000000	24.560379302014816	75.80848118786963
GCA_031128165.1_0.9_GCA_031128145.1_0.1_variants.tsv	[('Other', 0.9999999999906478)]	MEASLESgenome-D3 MEASLESgenome-D8	0.92452830 0.07547170	50.602618429481865	95.87894803070341
GCA_031128115.1_0.2_GCA_031129565.1_0.8_variants.tsv	[('Other', 0.999999999182594)]	MEASLESgenome-D9 MEASLESgenome-D4	0.80263200 0.19736800	81.27357547115231	95.26236315590789
GCA_031128115.1_0.9_GCA_031128135.1_0.1_variants.tsv	[('Other', 0.9999999999689227)]	MEASLESgenome-D4 MEASLESgenome-D5	0.91304300 0.08695700	63.31899659952211	96.69686674216686
GCA_031128155.1_0.7_GCA_031128165.1_0.3_variants.tsv	[('Other', 1.000000000205176)]	MEASLESgenome-B3 MEASLESgenome-D3	0.66666700 0.33333300	113.03547220995358	95.41336353340883
GCA_031128135.1_0_GCA_031128145.1_1_variants.tsv	[('Other', 0.9999999999651787)]	MEASLESgenome-D8	1.00000000	31.73787897680699	84.9502957090726
GCA_031112925.1_1_GCA_031128185.1_0_variants.tsv	[('Other', 0.9999999999976028)]	MEASLESgenome-A	1.00000000	10.313698029206938	92.50660626651566
GCA_031128115.1_0.6_GCA_031128145.1_0.4_variants.tsv	[('Other', 0.9999999999759557)]	MEASLESgenome-D4 MEASLESgenome-D8 MEASLESgenome-D11	0.60000000 0.39263800 0.00736200	74.68897527438213	97.32603498175412
GCA_031128115.1_0.4_GCA_031128135.1_0.6_variants.tsv	[('Other', 0.999999999906372)]	MEASLESgenome-D5 MEASLESgenome-D4	0.60139900 0.39860100	67.35953789230912	97.0995344155027
GCA_031128155.1_0.3_GCA_031128185.1_0.7_variants.tsv	[('Other', 0.9999999993816354)]	MEASLESgenome-H1 MEASLESgenome-B3	0.68254000 0.31746000	148.63209502573883	83.45916698125079
GCA_031128115.1_0.4_GCA_031129565.1_0.6_variants.tsv	[('Other', 0.9999999999574929)]	MEASLESgenome-D9 MEASLESgenome-D4	0.58928600 0.41071400	110.75026229798988	98.72908015603372
GCA_031112925.1_0.6_GCA_031128155.1_0.4_variants.tsv	[('Other', 0.9999999981075107)]	MEASLESgenome-A MEASLESgenome-B3	0.62711900 0.37288100	58.355381141094426	93.6957342393356
GCA_031128165.1_0.2_GCA_031128145.1_0.8_variants.tsv	[('Other', 0.9999999999991179)]	MEASLESgenome-D8 MEASLESgenome-D3	0.80000000 0.20000000	56.93664640248255	94.19277714860954
GCA_031128115.1_0.9_GCA_031129565.1_0.1_variants.tsv	[('Other', 0.9999999999415383)]	MEASLESgenome-D4 MEASLESgenome-D9	0.92753620 0.07246380	73.56834437203631	98.45224613061532
GCA_031112925.1_0.5_GCA_031128165.1_0.5_variants.tsv	[('Other', 1.0000000000030236)]	MEASLESgenome-D3 MEASLESgenome-A	0.50000000 0.50000000	40.09192854176777	95.89153139549515
GCA_031128135.1_0.3_GCA_031128185.1_0.7_variants.tsv	[('Other', 0.9999999981706791)]	MEASLESgenome-H1 MEASLESgenome-D5	0.64285701 0.35714299	165.80949292432243	91.3489367056751
GCA_031112925.1_0.8_GCA_031128165.1_0.2_variants.tsv	[('Other', 0.9999999999662552)]	MEASLESgenome-A MEASLESgenome-D3	0.80000000 0.20000000	30.98695946271863	94.37523593808984
GCA_031128115.1_0.1_GCA_031128185.1_0.9_variants.tsv	[('Other', 0.999999999342759)]	MEASLESgenome-H1 MEASLESgenome-D4 MEASLESgenome-D6	0.90000000 0.09523810 0.00476190	102.54909330114552	81.74782936957342
GCA_031128115.1_0_GCA_031129565.1_1_variants.tsv	[('Other', 0.9999999999999167)]	MEASLESgenome-D9	1.00000000	2.685368763284954	76.11048194287153
GCA_031128165.1_0.7_GCA_031128145.1_0.3_variants.tsv	[('Other', 0.9999999999835294)]	MEASLESgenome-D3 MEASLESgenome-D8	0.71153800 0.28846200	60.68361555991748	96.42632439914433
GCA_031128165.1_0.8_GCA_031128185.1_0.2_variants.tsv	[('Other', 0.9999999999902383)]	MEASLESgenome-D3 MEASLESgenome-H1	0.85714300 0.14285700	100.40510184195205	96.02365672580848
GCA_031128155.1_0.2_GCA_031128165.1_0.8_variants.tsv	[('Other', 1.0000000001815996)]	MEASLESgenome-D3 MEASLESgenome-B3	0.84090900 0.15909100	80.04601188039571	96.02365672580848
GCA_031128145.1_1_GCA_031128185.1_0_variants.tsv	[('Other', 0.9999999999651787)]	MEASLESgenome-D8	1.00000000	31.73787897680699	84.9502957090726
GCA_031112925.1_0.3_GCA_031128145.1_0.7_variants.tsv	[('Other', 0.9999999999865652)]	MEASLESgenome-D8 MEASLESgenome-A	0.69230800 0.30769200	51.75758375177647	94.35006920850635
GCA_031128165.1_0.5_GCA_031128185.1_0.5_variants.tsv	[('Other', 0.9999999997848761)]	MEASLESgenome-D3 MEASLESgenome-H1	0.57692299 0.42307700	155.40907697827788	95.77198942997357
GCA_031128165.1_1_GCA_031128115.1_0_variants.tsv	[('Other', 0.9999999999236365)]	MEASLESgenome-D3	1.00000000	40.116216631586454	93.9285264879829
GCA_031128115.1_0.5_GCA_031128135.1_0.5_variants.tsv	[('Other', 0.9999999991384496)]	MEASLESgenome-D5 MEASLESgenome-D4	0.50000000 0.50000000	65.6524841847014	97.40153517050459
GCA_031128115.1_0.8_GCA_031128135.1_0.2_variants.tsv	[('Other', 0.9999999992041091)]	MEASLESgenome-D4 MEASLESgenome-D5	0.80952400 0.19047600	71.56284781300752	97.6532024663395
GCA_031128165.1_0.1_GCA_031129565.1_0.9_variants.tsv	[('Other', 0.9999999999931937)]	MEASLESgenome-D9 MEASLESgenome-D3	0.90476200 0.09523800	42.62695411660972	92.11023027557569
GCA_031128155.1_0_GCA_031129565.1_1_variants.tsv	[('Other', 0.9999999999999167)]	MEASLESgenome-D9	1.00000000	2.685368763284954	76.11048194287153
GCA_031128145.1_0.3_GCA_031129565.1_0.7_variants.tsv	[('Other', 0.9999999993512485)]	MEASLESgenome-D9 MEASLESgenome-D8	0.68421100 0.31578900	83.45623562942285	93.8593179816283
GCA_031128115.1_0.8_GCA_031129565.1_0.2_variants.tsv	[('Other', 1.0000000000091451)]	MEASLESgenome-D4 MEASLESgenome-D9	0.82608700 0.17391300	91.81067607568227	99.59104064426828
GCA_031128165.1_0.1_GCA_031128135.1_0.9_variants.tsv	[('Other', 0.9999999999965596)]	MEASLESgenome-D5 MEASLESgenome-D3	0.90476200 0.09523800	19.670977317413012	93.57619227381402
GCA_031128115.1_0.5_GCA_031129565.1_0.5_variants.tsv	[('Other', 0.999999999574426)]	MEASLESgenome-D4 MEASLESgenome-D9	0.50000000 0.50000000	109.49566050904528	99.1506228765572
GCA_031112925.1_1_GCA_031128145.1_0_variants.tsv	[('Other', 0.9999999999976028)]	MEASLESgenome-A	1.00000000	10.313698029206938	92.50660626651566
GCA_031112925.1_0.9_GCA_031128165.1_0.1_variants.tsv	[('Other', 0.9999999999939556)]	MEASLESgenome-A MEASLESgenome-D3	0.90909100 0.09090900	24.930091798505874	94.21165219579716
GCA_031112925.1_0.6_GCA_031128115.1_0.4_variants.tsv	[('Other', 0.9999999999128392)]	MEASLESgenome-A MEASLESgenome-D4 MEASLESgenome-D6	0.60000000 0.38461500 0.01538500	56.99173296966778	97.13728450987794
GCA_031112925.1_0.4_GCA_031128165.1_0.6_variants.tsv	[('Other', 0.9999999999903055)]	MEASLESgenome-D3 MEASLESgenome-A	0.60106400 0.39893600	48.76714085261008	95.8349062539323
GCA_031128135.1_0_GCA_031128185.1_1_variants.tsv	[('Other', 0.9999999999947301)]	MEASLESgenome-H1	1.00000000	38.09122385947258	67.03158424562729
GCA_031128165.1_1_GCA_031129565.1_0_variants.tsv	[('Other', 0.9999999999236365)]	MEASLESgenome-D3	1.00000000	40.116216631586454	93.9285264879829
GCA_031128165.1_0.4_GCA_031128185.1_0.6_variants.tsv	[('Other', 0.999999999948096)]	MEASLESgenome-H1 MEASLESgenome-D3	0.52941200 0.47058800	165.17565269244	95.07361268403172
GCA_031128165.1_0.9_GCA_031128185.1_0.1_variants.tsv	[('Other', 0.9999999974175555)]	MEASLESgenome-D3	1.00000000	74.59949125522814	95.85378130111992
GCA_031128155.1_0.1_GCA_031128115.1_0.9_variants.tsv	[('Other', 0.9999999999816706)]	MEASLESgenome-D4 MEASLESgenome-B3	0.94838710 0.05161290	73.59349927418351	96.50811627029067
GCA_031128155.1_0_GCA_031128115.1_1_variants.tsv	[('Other', 0.9999999999899933)]	MEASLESgenome-D4	1.00000000	37.31609381749831	91.82710456776142
