V1	clade
NC_001498.1	D3
AB012948.1	D5
AB012949.1	D5
FJ161211.1	H1
GQ376026.1	D3
GQ376027.1	D3
JF727649.1	A
JF727650.1	A
JF791787.1	unassigned
JN635402.1	D4
JN635403.1	D4
JN635404.1	D8
JN635405.1	D5
JN635406.1	D5
JN635407.1	D8
JN635408.1	B3
JN635409.1	D3
JN635410.1	D7
JN635411.1	H1
KC117298.1	D8
KC164757.1	D4
KC164758.1	G3
KJ410048.1	D8
KJ755974.1	H1
KJ755975.1	H1
KJ755976.1	H1
KJ755977.1	H1
KJ755978.1	H1
KJ755979.1	H1
KJ755980.1	H1
KJ755981.1	H1
KJ755982.1	H1
KT588921.1	H1
KT732214.1	B3
KT732215.1	B3
KT732216.1	B3
KT732217.1	B3
KT732218.1	B3
KT732219.1	B3
KT732220.1	B3
KT732221.1	B3
KT732222.1	B3
KT732223.1	B3
KT732224.1	B3
KT732225.1	D4
KT732226.1	D4
KT732227.1	D4
KT732228.1	D4
KT732229.1	D4
KT732230.1	D8
KT732231.1	D8
KT732232.1	D8
KT732233.1	D8
KT732234.1	D8
KT732235.1	D8
KT732236.1	D8
KT732237.1	D8
KT732238.1	D8
KT732239.1	D8
KT732240.1	D8
KT732241.1	D8
KT732242.1	D8
KT732243.1	D8
KT732244.1	D8
KT732245.1	D8
KT732246.1	D8
KT732247.1	D8
KT732248.1	D8
KT732249.1	D8
KT732250.1	D8
KT732251.1	D8
KT732252.1	D8
KT732253.1	D8
KT732254.1	D8
KT732255.1	D8
KT732256.1	D8
KT732257.1	D8
KT732258.1	D8
KT732259.1	D8
KT732260.1	D8
KT732261.1	D8
KU728742.1	D8
KU728743.1	D8
KX838946.2	B3
KY656518.1	D4
KY969476.1	D9
KY969477.1	B3
KY969478.1	B3
KY969479.1	D4
KY969480.1	D8
KY969481.1	B3
LC336599.1	D3
LC655226.1	C1
LC655227.1	C1
LC655228.1	C1
LC655229.1	C1
LC655230.1	C1
LC769207.1	D8
LC789940.1	D8
LC789941.1	D8
LC848726.1	D8
LC848727.1	D8
LC848728.1	D8
LC848729.1	D8
LC848730.1	D8
LC848731.1	D8
MF449469.1	D4
MF496200.1	D8
MF496201.1	D8
MF496202.1	D8
MF775733.1	D6
MG912589.1	C2
MG912590.1	B3
MG912591.1	G2
MG912592.1	D8
MG912593.1	D4
MG912594.1	H1
MG972194.1	H1
MH173047.1	D8
MH356245.1	D8
MH631015.1	D8
MH631016.1	D8
MK142914.1	D8
MK142915.1	D8
MK142916.1	D8
MK161348.1	D8
MK513598.1	B3
MK513599.1	B3
MK513600.1	B3
MK513601.1	B3
MK513602.1	B3
MK513603.1	B3
MK513604.1	B3
MK513605.1	B3
MK513606.1	B3
MK513607.1	B3
MK513608.1	B3
MK513609.1	B3
MK513610.1	B3
MK513611.1	B3
MK513612.1	B3
MK513613.1	B3
MK513614.1	B3
MK513615.1	B3
MK513616.1	B3
MK513617.1	B3
MK513618.1	B3
MK513619.1	B3
MK513620.1	B3
MK513621.1	B3
MK513622.1	B3
MK513623.1	D8
MK513624.1	D8
MK513625.1	D8
MK513626.1	D8
MK513627.1	D8
MN017369.1	D11
MN125018.1	D8
MN125019.1	D8
MN125020.1	D8
MN125021.1	D8
MN125022.1	D8
MN125023.1	D8
MN125024.1	D8
MN125025.1	D8
MN125026.1	D8
MN125027.1	D8
MN125028.1	D8
MN125029.1	D8
MN125030.1	D8
MN145872.1	A
MN630020.1	H1
MN630021.1	H1
MN630022.1	D9
MN630023.1	B3
MN893225.1	B3
MT350232.1	D8
MT738550.1	D8
MT789788.1	B3
MT789789.1	B3
MT789790.1	B3
MT789791.1	B3
MT789792.1	B3
MT789793.1	B3
MT789794.1	B3
MT789795.1	B3
MT789796.1	B3
MT789797.1	B3
MT789798.1	B3
MT789799.1	B3
MT789800.1	B3
MT789801.1	B3
MT789802.1	B3
MT789803.1	B3
MT789804.1	B3
MT789805.1	B3
MT789806.1	B3
MT789807.1	B3
MT789808.1	B3
MT789809.1	B3
MT789810.1	B3
MT789811.1	B3
MT789812.1	B3
MT789813.1	B3
MT789814.1	B3
MT789815.1	B3
MT789816.1	B3
MT789817.1	B3
MT789818.1	B3
MT789819.1	B3
MT789820.1	B3
MT789821.1	D8
MT789822.1	D8
MT789823.1	D8
MT789824.1	D8
MT789825.1	D8
MT789826.1	D8
MT789827.1	D8
MT789828.1	D8
MT789829.1	D8
MT789830.1	D8
MT789831.1	D8
MT789832.1	D8
MT789833.1	D8
MT789834.1	D8
MT789835.1	D8
MT789836.1	D8
MT789837.1	D8
MT789838.1	D8
MT789839.1	D8
MT789840.1	D8
MT789841.1	D8
MT789842.1	D8
MT789843.1	D8
MT789844.1	D8
MT789845.1	D8
MT789846.1	D8
MT789847.1	D8
MT789848.1	D8
MT789849.1	D8
MW916919.1	D8
MW916920.1	D8
MW916921.1	D8
MW916922.1	D8
MW916923.1	D8
MW916924.1	D8
MW916925.1	D8
MW916926.1	D8
MW916927.1	D8
MW916928.1	D4
MW916929.1	D4
MW916930.1	D8
MW916931.1	D8
MW916932.1	D8
MW916933.1	D4
MZ031176.1	D8
MZ031177.1	D8
MZ031178.1	D8
MZ031179.1	D8
MZ031180.1	D8
MZ031181.1	D8
MZ031182.1	D8
MZ031183.1	D8
MZ031184.1	D8
MZ031185.1	D8
MZ031186.1	D8
MZ031187.1	D8
MZ031188.1	D8
MZ031189.1	D8
MZ031190.1	D8
MZ031191.1	D8
MZ031192.1	D8
MZ031193.1	D8
MZ031194.1	D8
MZ031195.1	D8
MZ031197.1	D8
MZ031198.1	D8
MZ031199.1	D8
MZ031200.1	D8
MZ031201.1	D8
MZ031202.1	D8
MZ031203.1	D8
MZ031204.1	D8
MZ031205.1	D8
MZ031206.1	D8
MZ031207.1	D8
MZ031208.1	D8
MZ031209.1	D8
MZ031210.1	D8
MZ031211.1	D8
MZ031212.1	D8
MZ031213.1	D8
MZ031214.1	D8
MZ031215.1	D8
MZ031216.1	D8
MZ031217.1	D8
MZ031218.1	D8
MZ031219.1	D8
MZ031220.1	D8
MZ031221.1	D8
MZ031222.1	D8
MZ031223.1	D8
MZ031224.1	D8
MZ031225.1	D8
MZ031226.1	B3
MZ031227.1	D8
MZ031228.1	D8
MZ031229.1	B3
MZ031230.1	D8
MZ031231.1	B3
MZ031232.1	D8
MZ031233.1	D8
MZ031234.1	D8
MZ031235.1	D8
MZ031236.1	D8
MZ031237.1	D8
MZ031238.1	D8
MZ031239.1	D8
MZ031240.1	D8
MZ031241.1	B3
MZ031242.1	D8
MZ031243.1	D8
MZ031244.1	D8
MZ031245.1	D8
MZ031246.1	D8
MZ031247.1	D8
MZ031248.1	D8
MZ031249.1	D8
MZ031250.1	D8
MZ031251.1	D8
MZ031252.1	D8
MZ031253.1	D8
MZ031254.1	D8
MZ031255.1	D8
MZ031256.1	D8
MZ031257.1	D8
MZ031258.1	B3
MZ031259.1	D8
MZ031260.1	D8
MZ031261.1	D8
MZ031262.1	D8
MZ031263.1	D8
MZ031264.1	D8
MZ031265.1	D8
MZ031266.1	D8
MZ031267.1	D8
MZ031268.1	D8
MZ031269.1	D8
MZ031270.1	D8
MZ031271.1	D8
MZ031272.1	D8
MZ031273.1	D8
MZ031274.1	D8
MZ442613.1	H1
MZ442614.1	H1
MZ442615.1	H1
MZ442616.1	H1
MZ442617.1	H1
MZ442618.1	H1
MZ442619.1	H1
MZ442620.1	H1
MZ442621.1	H1
MZ442622.1	H1
MZ442623.1	H1
MZ442624.1	H1
MZ442625.1	H1
MZ442626.1	H1
MZ442627.1	H1
MZ442628.1	H1
MZ442629.1	H1
MZ442630.1	H1
MZ442631.1	H1
MZ442632.1	H1
MZ442633.1	H1
MZ442634.1	H1
MZ442635.1	H1
MZ483879.1	H1
MZ483880.1	H1
MZ483881.1	H1
MZ483882.1	H1
MZ483883.1	H1
MZ483884.1	H1
MZ483885.1	H1
MZ483886.1	H1
MZ483887.1	H1
MZ483888.1	H1
MZ483889.1	H1
MZ483890.1	H1
MZ483891.1	H1
MZ483892.1	H1
MZ483893.1	H1
MZ483894.1	H1
MZ483895.1	H1
MZ483896.1	H1
MZ483897.1	H1
MZ483898.1	H1
MZ483899.1	H1
MZ483900.1	H1
MZ483901.1	H1
MZ483902.1	H1
MZ483903.1	H1
MZ483904.1	H1
MZ483905.1	H1
MZ483906.1	H1
MZ483907.1	H1
MZ483908.1	H1
MZ483909.1	H1
MZ483910.1	H1
MZ483911.1	H1
MZ483912.1	H1
MZ483913.1	H1
MZ483914.1	H1
MZ483915.1	H1
MZ483916.1	H1
MZ483917.1	H1
MZ483918.1	H1
MZ483919.1	H1
MZ483920.1	H1
MZ483921.1	H1
MZ483922.1	H1
MZ483923.1	H1
MZ483924.1	H1
MZ483925.1	H1
MZ483926.1	H1
MZ483927.1	H1
MZ483928.1	H1
MZ483929.1	H1
MZ483930.1	H1
MZ483931.1	H1
MZ483932.1	H1
MZ483933.1	H1
MZ483934.1	H1
MZ483935.1	H1
MZ483936.1	H1
MZ483937.1	H1
MZ483938.1	H1
MZ483939.1	H1
MZ483940.1	H1
MZ483941.1	H1
MZ483942.1	H1
MZ483943.1	H1
MZ483944.1	H1
MZ712065.1	D8
MZ712066.1	D8
MZ712067.1	D8
MZ712068.1	D8
MZ712069.1	D8
MZ712070.1	D8
MZ712071.1	D8
MZ712072.1	D8
MZ712073.1	D8
MZ712074.1	D8
MZ712075.1	D8
MZ712076.1	D8
MZ712077.1	D8
MZ712078.1	D8
MZ712079.1	D8
MZ712082.1	B3
MZ712083.1	D8
MZ712084.1	D8
MZ712085.1	D8
MZ712087.1	D8
OK424758.1	D4
OK424759.1	D4
OK424760.1	D4
OK424761.1	D4
OK424762.1	D4
OK424763.1	D4
OK424764.1	D4
OK424765.1	D4
OK424766.1	D4
OK424767.1	D4
OK424768.1	D4
OK424769.1	D4
OK424770.1	D4
OK424771.1	D4
OK424772.1	D4
OK424773.1	D4
OK424774.1	D4
OK424775.1	D4
OK424776.1	D4
OK424777.1	D4
OK424778.1	D4
OK424779.1	D4
OK424780.1	D4
OK424781.1	D4
OK424782.1	D4
OK424783.1	D4
OK424784.1	D4
OK424785.1	D4
OK424786.1	D4
OK424787.1	D4
OK424788.1	D4
OK424789.1	D4
OK424790.1	D4
OK424791.1	D4
OK424792.1	D4
OK424793.1	D4
OK424794.1	D4
OK424795.1	D4
OK424796.1	D4
OK424797.1	D4
OK424798.1	D4
OK424799.1	D4
OK424800.1	D4
OK424801.1	D4
OK424802.1	D4
OK424803.1	D4
OK424804.1	D4
OK424805.1	D4
OK424806.1	D4
OK424807.1	D4
OK424808.1	D4
OK424809.1	D4
OK424810.1	D4
OK424811.1	D4
OK424812.1	D4
OK424813.1	D4
OK424814.1	D4
OK424815.1	D4
OK424816.1	D4
OK424817.1	D4
OK424818.1	D4
OK424819.1	D4
OK424820.1	D4
OK424821.1	D4
OK424822.1	D4
OK424823.1	D4
OK424824.1	D4
OK424825.1	D4
OK424826.1	D4
OK424827.1	D4
OK424828.1	D4
OK424829.1	D4
OK424830.1	D4
OK424831.1	D4
OK424832.1	D4
OK424833.1	D4
OK424834.1	D4
OK424835.1	D4
OK424836.1	D4
OK424837.1	D4
OK424838.1	D4
OK424839.1	D4
OK424840.1	D4
OK424841.1	D4
OK424842.1	D4
OK424843.1	D4
OK424844.1	D4
OK424845.1	D4
OK424846.1	D4
OK424847.1	D4
OK424848.1	D4
OL473966.1	A
ON024067.1	B3
ON035847.1	H1
ON035848.1	H1
ON035849.1	H1
ON035850.1	H1
ON035851.1	H1
ON035852.1	H1
ON035853.1	H1
ON035854.1	H1
ON035855.1	H1
ON035856.1	H1
ON035857.1	H1
ON035858.1	H1
ON035859.1	H1
ON035860.1	D8
ON035861.1	H1
ON035862.1	H1
ON035863.1	H1
ON035864.1	H1
ON035865.1	H1
ON035866.1	H1
ON035867.1	H1
ON035868.1	H1
ON035869.1	H1
ON035870.1	H1
ON035871.1	H1
ON035872.1	H1
ON035873.1	H1
ON035874.1	H1
ON035875.1	H1
ON035876.1	H1
ON035877.1	H1
ON035878.1	H1
ON035879.1	H1
ON035880.1	H1
ON035881.1	H1
ON035882.1	H1
ON035883.1	H1
ON035884.1	H1
ON035885.1	H1
ON035886.1	H1
ON035887.1	H1
ON035888.1	H1
ON035889.1	H1
ON035890.1	H1
ON035891.1	H1
ON035892.1	H1
ON035893.1	H1
ON035894.1	H1
ON035895.1	H1
ON035896.1	H1
ON035897.1	H1
ON035898.1	H1
ON035899.1	H1
ON035900.1	H1
ON035901.1	H1
ON035902.1	H1
ON035903.1	H1
ON035904.1	H1
ON035905.1	H1
ON035906.1	H1
ON035907.1	H1
ON035908.1	H1
ON035909.1	H1
ON035910.1	H1
ON035911.1	H1
ON035912.1	H1
ON035913.1	H1
ON035914.1	H1
ON035915.1	H1
ON035916.1	H1
ON035917.1	H1
ON035918.1	H1
ON035919.1	H1
ON035920.1	H1
ON035921.1	H1
ON035922.1	H1
ON035923.1	H1
ON035924.1	H1
ON035925.1	H1
ON035926.1	H1
ON035927.1	H1
ON035928.1	H1
ON035929.1	H1
ON035930.1	H1
ON035931.1	H1
ON035932.1	H1
ON035933.1	H1
ON035934.1	H1
ON035935.1	H1
ON035936.1	H1
ON035937.1	H1
ON035938.1	H1
ON035939.1	H1
ON035940.1	H1
ON035941.1	H1
ON035942.1	H1
ON035943.1	H1
ON035944.1	H1
ON035945.1	H1
ON035946.1	H1
ON035947.1	H1
ON035948.1	H1
ON035949.1	H1
ON035950.1	H1
ON035951.1	H1
ON035952.1	H1
ON035953.1	H1
ON035954.1	H1
ON035955.1	H1
ON035956.1	H1
ON035957.1	H1
ON035958.1	H1
ON035959.1	H1
ON035960.1	H1
ON035961.1	H1
ON035962.1	H1
ON035963.1	H1
ON035964.1	H1
ON035965.1	H1
ON035966.1	H1
ON035967.1	H1
ON035968.1	H1
ON035969.1	H1
ON035970.1	H1
ON035971.1	H1
ON035972.1	H1
ON035973.1	H1
ON035974.1	H1
ON035975.1	B3
ON035976.1	H1
ON035977.1	H1
ON035978.1	H1
ON035979.1	H1
ON035980.1	H1
ON035981.1	H1
ON035982.1	H1
ON035983.1	H1
ON035984.1	H1
ON035985.1	H1
ON035986.1	H1
ON035987.1	H1
ON035988.1	H1
ON035989.1	H1
ON035990.1	H1
ON035991.1	H1
ON035992.1	H1
ON035993.1	H1
ON642794.1	B3
ON642795.1	B3
ON642796.1	B3
ON642797.1	B3
ON642798.1	B3
ON642799.1	B3
ON642800.1	B3
ON642801.1	B3
OP236009.1	D4
OP236010.1	D8
OP236011.1	D8
OP236012.1	D8
OP236013.1	D8
OP236014.1	D8
OP236015.1	D8
OP236016.1	D4
OP236017.1	D4
OP236018.1	D8
OP236019.1	D4
OP236020.1	D4
OP236021.1	D8
OP236022.1	D8
OP314477.1	B3
OP314478.1	B3
OP314479.1	B3
OP314480.1	B3
OP314481.1	B3
OP314482.1	B3
OP314483.1	B3
OP314484.1	B3
OP314485.1	B3
OP314486.1	B3
OP314487.1	B3
OP314488.1	B3
OP314489.1	B3
OP314490.1	B3
OP314491.1	B3
OP314492.1	B3
OP314493.1	B3
OP314494.1	B3
OP314495.1	B3
OP314496.1	B3
OP314497.1	B3
OP314498.1	B3
OP314499.1	B3
OP314500.1	B3
OP314501.1	B3
OP314502.1	B3
OP314503.1	B3
OP314504.1	B3
OP314505.1	B3
OP314506.1	B3
OP314507.1	B3
OP314508.1	B3
OP314509.1	B3
OP314510.1	B3
OP314511.1	B3
OP314512.1	B3
OP314513.1	B3
OP314514.1	B3
OP314515.1	B3
OP314516.1	B3
OP314517.1	B3
OP314518.1	B3
OP609647.1	D8
OP609648.1	D8
OP609649.1	D8
OP609650.1	D8
OP609651.1	D8
OP609652.1	D8
OP609653.1	D8
OP609654.1	D8
OP609655.1	D8
OP609656.1	D8
OP609657.1	D8
OP609658.1	D8
OP609659.1	D8
OP609660.1	D8
OP609661.1	D8
OP609662.1	D8
OP609663.1	D8
OP609664.1	D8
OP609665.1	D8
OP609666.1	D8
OP609667.1	D8
OP609668.1	D8
OP951096.1	B3
OP951097.1	B3
OP951098.1	B3
OP951099.1	B3
OP951100.1	B3
OP951101.1	B3
OP951102.1	B3
OP951103.1	B3
OP951104.1	D8
OP951105.1	D8
OP951106.1	D8
OP951107.1	D8
OP951108.1	D8
OP951109.1	D8
OP951110.1	D8
OP951111.1	D8
OP951112.1	D8
OP951113.1	D8
OP951114.1	D8
OP951115.1	D8
OQ078000.1	B3
OQ078001.1	B3
OQ096264.1	B3
OQ096265.1	D8
OQ096266.1	B3
OQ096267.1	D8
OQ096268.1	D8
OQ096269.1	D8
OQ096270.1	D8
OQ096271.1	D8
OQ096272.1	D8
OQ096273.1	D8
OQ096274.1	D8
OQ096275.1	B3
OQ096276.1	B3
OQ096277.1	B3
OQ096278.1	B3
OQ096279.1	D8
OQ096280.1	B3
OQ096281.1	D8
OQ096282.1	D8
OQ096283.1	D8
OQ096284.1	D8
OQ096285.1	B3
OQ096286.1	D8
OQ096287.1	D8
OQ096288.1	D8
OQ096289.1	D8
OQ096290.1	D8
OQ096291.1	D8
OQ096292.1	D8
OQ096293.1	B3
OQ096294.1	D8
OQ096295.1	D8
OQ096296.1	D8
OQ096297.1	B3
OQ096298.1	D8
OQ096299.1	B3
OQ096300.1	D8
OQ096301.1	D8
OQ096302.1	D8
OQ096303.1	D8
OQ096304.1	D8
OQ096305.1	D8
OQ096306.1	D8
OQ096307.1	D8
OQ096308.1	D8
OQ096309.1	D8
OQ096310.1	B3
OQ096311.1	D8
OQ096312.1	D8
OQ096313.1	D8
OQ096314.1	D8
OQ096315.1	B3
OQ096316.1	B3
OQ096317.1	D8
OQ096318.1	D8
OQ096319.1	D8
OQ096320.1	B3
OQ096321.1	B3
OQ096322.1	B3
OQ096323.1	D8
OQ096324.1	D8
OQ096325.1	B3
OQ096326.1	D8
OQ096327.1	D8
OQ096328.1	D8
OQ096329.1	D8
OQ096330.1	B3
OQ096331.1	D8
OQ096332.1	D8
OQ096333.1	D8
OQ096334.1	D8
OQ096335.1	D8
OQ096336.1	D8
OQ096337.1	D8
OQ096338.1	D8
OQ096339.1	B3
OR290097.1	D8
OR290098.1	B3
OR290099.1	D8
OR290100.1	D8
OR290101.1	D8
OR290102.1	D8
OR453542.1	D8
OR453543.1	D8
OR453544.1	D8
OR750917.1	B3
OR805841.2	D8
OR805842.2	D8
OR805843.2	D8
OR805844.2	D8
OR830031.1	D8
OR830032.1	D8
OR830033.1	D8
OR830034.1	D8
OR830035.1	D8
OR830036.1	D8
OR830037.1	D8
OR830038.1	D8
OR835191.2	A
OR854811.1	D8
OR854812.1	D8
OR854813.1	B3
PP101942.1	D8
PP101943.1	D8
PP446317.1	B3
PP446318.1	B3
PP626047.1	D8
PP868388.1	D8
PP887450.1	D8
PP998305.1	D8
PP998306.1	D8
PP998307.1	D8
PP998308.1	D8
PQ287420.1	B3
PQ287421.1	D8
PQ287422.1	D8
PQ287423.1	B3
PQ287424.1	B3
PQ394285.1	D8
PQ394286.1	D8
PQ394287.1	D8
PQ394288.1	D8
PQ394289.1	D8
PQ394290.1	D8
PQ394291.1	D8
PQ394292.1	D8
PQ394293.1	D8
PQ394294.1	D8
PQ394295.1	D8
PQ394296.1	D8
PQ453569.1	D8
PQ481504.1	D8
PQ481505.1	D8
PQ481506.1	D8
PQ481507.1	D8
PQ590060.1	D8
PQ778429.1	B3
PQ778430.1	B3
PQ778431.1	B3
PQ778432.1	B3
PQ778433.1	B3
PQ778434.1	B3
PQ778435.1	B3
PQ778436.1	B3
PQ778437.1	B3
PQ778438.1	B3
PQ778439.1	B3
PQ778440.1	B3
PQ778441.1	B3
PQ778442.1	B3
PQ778443.1	B3
PQ778444.1	B3
PQ778445.1	B3
PQ778446.1	B3
PQ778447.1	B3
PQ778448.1	B3
PQ778449.1	B3
PQ778450.1	B3
PQ778451.1	B3
PQ778452.1	B3
PQ778453.1	B3
PQ778454.1	B3
PQ778455.1	B3
PQ778456.1	B3
PQ778457.1	B3
PQ778458.1	B3
PQ778459.1	B3
PQ786147.1	D8
PQ786148.1	D8
PQ786149.1	D8
PQ786150.1	D8
PQ786151.1	D8
PQ786152.1	D8
PQ786153.1	D8
PQ786154.1	D8
PQ786155.1	D8
PQ786156.1	D8
PQ786157.1	D8
PQ786158.1	D8
PQ786159.1	D8
PQ786160.1	D8
PQ786161.1	D8
PQ786162.1	D8
PQ786163.1	D8
PQ786164.1	D8
PQ786165.1	D8
PQ786166.1	D8
PQ786167.1	D8
PQ786168.1	D8
PQ786169.1	D8
PQ786170.1	D8
PQ786171.1	D8
PQ786172.1	D8
PQ786173.1	D8
PQ786174.1	D8
PQ786175.1	D8
PQ786176.1	D8
PQ786177.1	D8
PQ786178.1	D8
PQ786180.1	D8
PQ786181.1	D8
PQ786182.1	D8
PQ786183.1	D8
PQ786184.1	D8
PQ786185.1	D8
PQ786186.1	D8
PQ786187.1	D8
PQ786188.1	D8
PQ786189.1	D8
PQ786190.1	D8
PQ786191.1	D8
PQ786192.1	D8
PQ786193.1	D8
PQ786194.1	D8
PQ786195.1	D8
PQ786196.1	D8
PQ786197.1	D8
PQ786198.1	D8
PQ786199.1	D8
PQ786200.1	D8
PQ786201.1	D8
PQ786202.1	D8
PQ786203.1	D8
PQ786204.1	D8
PQ786205.1	D8
PQ786206.1	D8
PQ786207.1	D8
PQ786208.1	D8
PQ786209.1	D8
PQ786210.1	D8
PQ786211.1	D8
PQ786212.1	D8
PQ786213.1	D8
PQ786214.1	D8
PQ786215.1	D8
PQ786216.1	D8
PQ786217.1	D8
PQ786218.1	D8
PQ786219.1	D8
PQ786220.1	D8
PQ786221.1	D8
PQ786222.1	D8
PQ786223.1	D8
PQ786224.1	D8
PQ786225.1	D8
PQ786226.1	D8
PQ786227.1	D8
PQ786228.1	D8
PQ786229.1	D8
PQ786230.1	D8
PQ786231.1	D8
PQ786232.1	D8
PQ786233.1	D8
PQ786234.1	D8
PQ786235.1	D8
PQ786236.1	D8
PQ786237.1	D8
PQ786238.1	D8
PQ786239.1	D8
PQ786240.1	D8
PQ786241.1	D8
PQ786242.1	D8
PQ786243.1	D8
PQ786244.1	D8
PQ786245.1	D8
PQ786246.1	D8
PQ786247.1	D8
PQ786248.1	D8
PQ786249.1	D8
PQ786250.1	D8
PQ786251.1	D8
PQ786252.1	D8
PQ786253.1	D8
PQ786254.1	D8
PQ786255.1	D8
PQ786256.1	D8
PQ786257.1	D8
PQ786258.1	D8
PQ786259.1	D8
PQ786260.1	D8
PQ786261.1	D8
PQ786262.1	D8
PQ786263.1	D8
PQ786264.1	D8
PQ786265.1	D8
PQ786266.1	D8
PQ786267.1	D8
PQ786268.1	D8
PQ786269.1	D8
PQ786270.1	D8
PQ786271.1	D8
PQ786272.1	D8
PQ786273.1	D8
PQ873016.1	B3
PQ873017.1	B3
PQ873018.1	B3
PQ873019.1	B3
PQ873020.1	B3
PQ873021.1	B3
PQ873022.1	B3
PQ873023.1	B3
PQ873024.1	D8
PQ873025.1	D8
PV686488.1	B3
PV686489.1	D8
PV809720.1	D8
PV809721.1	D8
PV870338.1	D8
PV870339.1	D8
PV870340.1	D8
PV870341.1	D8
PV870342.1	D8
PV870343.1	D8
PV870344.1	D8
PV870345.1	D8
PV870346.1	D8
PV870347.1	D8
PV870348.1	D8
PV870349.1	D8
PV870350.1	D8
PV870351.1	D8
PV870352.1	D8
PV870353.1	D8
PV870354.1	D8
PV870355.1	D8
PV870356.1	D8
PV870357.1	D8
PV870358.1	D8
PV870359.1	D8
PV870360.1	D8
PV870361.1	D8
PV870362.1	D8
PV870363.1	D8
PV870364.1	D8
PV870365.1	D8
PV870366.1	D8
PV870400.1	D8
PV870401.1	D8
PV870402.1	D8
PV870403.1	D8
PV870404.1	D8
PV870405.1	D8
PV870406.1	D8
PV870407.1	D8
PV870408.1	D8
PV870409.1	D8
PV870410.1	D8
PV870411.1	D8
PV870412.1	D8
PV870413.1	D8
PV870414.1	D8
PV870415.1	D8
PV870417.1	D8
PV870418.1	D8
PV870419.1	D8
PV870420.1	D8
PV870421.1	D8
PV870422.1	D8
PV870423.1	D8
PV870424.1	D8
PV870425.1	D8
PV870426.1	D8
PV870427.1	D8
PV870428.1	D8
PV870429.1	D8
PV870430.1	D8
PV870431.1	D8
PV870432.1	D8
PV870433.1	D8
PV870434.1	D8
PV870435.1	D8
PV870436.1	D8
PV870437.1	D8
PV870438.1	D8
PV870439.1	D8
PV870440.1	D8
PV870441.1	D8
PV870442.1	D8
PV870443.1	D8
PV870444.1	D8
PV870445.1	D8
PV870446.1	D8
PV870447.1	D8
PV870448.1	D8
PV870449.1	D8
PV870450.1	D8
PV870451.1	D8
PV870452.1	D8
PV870453.1	D8
PV870454.1	D8
PV870455.1	D8
PV870456.1	D8
PV870457.1	D8
PV870458.1	D8
PV870459.1	D8
PV870460.1	D8
PV870461.1	D8
PV870462.1	D8
PV870463.1	D8
PV870465.1	D8
PV870466.1	D8
PV870467.1	D8
PV870468.1	D8
PV870469.1	D8
PV870470.1	D8
PV870471.1	D8
PV870472.1	D8
PV870473.1	D8
PV870474.1	D8
PV870475.1	D8
PV870476.1	D8
PV870477.1	D8
PV870479.1	D8
PV870480.1	D8
PV870481.1	D8
PV870482.1	D8
PV870483.1	D8
PV870484.1	D8
PV870485.1	D8
PV870486.1	D8
PV870487.1	D8
PV870489.1	D8
PV870490.1	D8
PV870491.1	D8
PV870492.1	D8
PV870493.1	D8
PV870494.1	D8
PV870495.1	D8
PV870497.1	D8
PV870498.1	D8
PV870499.1	D8
PV870500.1	D8
PV870501.1	D8
PV870502.1	D8
PV870503.1	D8
PV870504.1	D8
PV870506.1	D8
PV870507.1	D8
PV870508.1	D8
PV870509.1	D8
PV870510.1	D8
PV872555.1	D8
PV890886.1	B3
PV890887.1	B3
PV890888.1	B3
PV890889.1	B3
PV890890.1	B3
PV890891.1	B3
PV890892.1	B3
PV890893.1	B3
PV890894.1	B3
PV890895.1	B3
PV890896.1	B3
PV890897.1	B3
PV890898.1	B3
PV890899.1	B3
PV890900.1	B3
PV890901.1	B3
PV890902.1	B3
PV890903.1	B3
PV890904.1	B3
PV890905.1	B3
PV890906.1	B3
PV890907.1	B3
PV890908.1	B3
PV890909.1	B3
PV890910.1	B3
PV890911.1	B3
PV890912.1	B3
PV931736.1	B3
PV931737.1	B3
PV948898.1	A
PX121931.1	D8
PX121934.1	D8
PX121935.1	D8
PX308137.1	D8
PX308138.1	D8
PX308139.1	D8
PX308140.1	D8
PX308141.1	D8
PX308142.1	D8
PX308143.1	D8
PX308144.1	D8
PX308145.1	D8
PX308146.1	D8
PX308147.1	D8
PX308148.1	D8
PX308150.1	D8
PX387644.1	D8
PX387645.1	D8
PX387646.1	D8
PX387647.1	D8
PX387648.1	D8
PX387649.1	D8
PX387650.1	D8
PX387651.1	D8
PX387652.1	D8
PX387653.1	D8
PX387654.1	D8
PX406184.1	D8
PX406185.1	D8
PX406186.1	D8
PX406187.1	D8
PX406188.1	D8
PX437929.1	D8
PX437930.1	D8
PX437931.1	D8
PX437932.1	D8
PX437933.1	D8
PX448496.1	D8
PX448497.1	D8
PX448498.1	D8
PX460083.1	D8
PX460085.1	D8
PX460086.1	D8
PX460087.1	D8
PX460088.1	D8
PX460089.1	D8
PX475762.1	D8
PX475763.1	D8
PX475764.1	D8
PX475767.1	D8
PX475768.1	D8
PX475769.1	D8
PX475770.1	D8
PX475771.1	D8
PX475772.1	D8
PX475773.1	D8
PX475840.1	D8
PX489703.1	D8
PX489704.1	D8
PX489705.1	D8
PX499046.1	D8
PX499047.1	D8
PX499048.1	D8
PX499049.1	D8
PX530552.1	D8
PX530553.1	D8
PX530554.1	D8
PX530555.1	D8
PX530556.1	D8
PX530557.1	D8
PX530558.1	D8
PX530559.1	D8
PX530560.1	D8
PX606917.1	D8
PX606918.1	D8
PX606921.1	D8
PX606922.1	D8
PX606923.1	D8
PX606924.1	D8
PX606925.1	D8
PX606926.1	D8
PX606927.1	D8
PX606928.1	D8
PX606929.1	D8
PX606930.1	D8
PX606931.1	D8
PX606932.1	D8
PX606933.1	D8
PX606934.1	D8
PX614698.1	D8
PX614699.1	D8
PX614700.1	D8
PX614701.1	D8
PX614702.1	D8
PX614703.1	D8
PX614704.1	D8
PX614705.1	D8
PX614706.1	D8
PX614707.1	D8
PX614708.1	D8
PX614709.1	D8
PX614710.1	D8
PX614711.1	D8
PX614712.1	D8
PX614713.1	D8
PX614714.1	D8
PX614715.1	D8
PX614716.1	D8
PX614717.1	D8
PX614718.1	D8
PX614719.1	D8
PX614720.1	D8
PX614721.1	D8
PX614722.1	D8
PX614723.1	D8
PX614724.1	D8
PX614725.1	D8
PX614726.1	D8
PX614727.1	D8
PX614728.1	D8
PX614729.1	D8
PX614730.1	D8
PX614731.1	D8
PX614732.1	D8
PX614733.1	D8
PX614734.1	D8
PX614735.1	D8
PX614736.1	D8
PX614737.1	D8
PX614738.1	D8
PX614739.1	D8
PX614740.1	D8
PX614741.1	D8
PX614742.1	D8
PX614743.1	D8
PX614744.1	D8
PX614745.1	D8
PX614746.1	D8
PX614747.1	D8
PX614748.1	D8
PX614749.1	D8
PX614750.1	D8
PX614751.1	D8
PX614752.1	D8
PX614753.1	D8
PX614754.1	D8
PX614755.1	D8
PX653435.1	D8
PX653436.1	D8
PX653437.1	D8
PX653438.1	D8
PX653439.1	D8
PX674018.1	D8
PX674019.1	D8
PX674020.1	D8
PX674022.1	D8
PX674023.1	D8
PX674024.1	D8
PX674025.1	D8
PX674026.1	D8
PX674027.1	D8
PX674028.1	D8
PX674029.1	D8
PX674030.1	D8
PX674031.1	D8
PX674032.1	D8
PX674033.1	D8
PX674034.1	D8
PX674035.1	D8
PX674036.1	D8
PX674037.1	D8
PX674038.1	D8
PX674039.1	D8
PX674040.1	D8
PX674041.1	D8
PX674042.1	D8
PX711575.1	D8
PX711576.1	D8
PX711577.1	D8
PX711578.1	D8
PX711579.1	D8
PX711580.1	D8
PX711581.1	D8
PX711582.1	D8
PX711583.1	D8
PX711584.1	D8
PX711585.1	D8
PX725322.1	B3
PX770016.1	D8
PX770017.1	D8
PX770018.1	D8
PX770019.1	D8
PX770020.1	D8
PX770021.1	D8
PX770022.1	D8
PX770023.1	D8
PX770024.1	D8
PX770025.1	D8
PX770026.1	D8
PX770027.1	D8
PX770028.1	D8
PX770029.1	D8
PX770030.1	D8
PX770031.1	D8
PX770032.1	D8
PX770033.1	D8
PX770034.1	D8
PX770035.1	D8
PX770036.1	D8
PX907802.1	D8
PX925916.1	D8
PX925917.1	D8
PX925918.1	D8
PX925919.1	D8
PX930018.1	D8
PX930019.1	D8
PX930020.1	D8
PX930021.1	D8
PX930022.1	D8
PX930023.1	D8
PX930024.1	D8
PX930025.1	D8
PX930026.1	D8
PX930027.1	D8
PX930028.1	D8
PX930029.1	D8
PX930030.1	D8
PX930031.1	D8
PX930032.1	D8
PX930033.1	D8
PX930034.1	D8
PX930035.1	D8
PX930036.1	D8
PX930038.1	D8
PX930039.1	D8
PX930040.1	D8
PX930041.1	D8
PX930042.1	D8
PX930043.1	D8
PX930044.1	D8
PX930045.1	D8
PX930046.1	D8
PX930047.1	D8
PX930048.1	D8
PX930049.1	D8
PX930050.1	D8
PX930051.1	D8
PX930052.1	D8
PX930053.1	D8
PX930055.1	D8
PX930056.1	D8
PX930059.1	D8
PX930060.1	D8
PX930062.1	D8
PX930063.1	D8
PX930064.1	D8
PX930065.1	D8
PX930067.1	D8
PX930069.1	D8
PX930070.1	D8
PX930071.1	D8
PX930072.1	D8
PX930073.1	D8
PX930074.1	D8
PX930075.1	D8
PX930076.1	D8
PX930077.1	D8
PX930078.1	D8
PX930079.1	D8
PX930080.1	D8
PX930081.1	D8
PX932052.1	D8
PX932053.1	D8
PX932054.1	D8
PX932055.1	D8
PX932056.1	D8
PX932057.1	D8
PX932058.1	D8
PX932059.1	D8
PX932060.1	D8
PX932061.1	D8
PX932062.1	D8
PX932063.1	D8
PX932064.1	D8
PX932066.1	D8
PX932067.1	D8
PX932068.1	D8
PX932070.1	D8
PX932071.1	D8
PX932073.1	D8
PX932075.1	D8
PX932076.1	D8
PX932077.1	D8
PX932078.1	D8
PX932079.1	D8
PX932080.1	D8
PX932082.1	D8
PX932083.1	D8
PX932084.1	D8
PX932085.1	D8
PX932087.1	D8
PX932089.1	D8
PX932091.1	D8
PX932092.1	D8
PX932093.1	D8
PX932097.1	D8
PX932098.1	D8
PX932099.1	D8
PX932100.1	D8
PX932101.1	D8
PX932102.1	D8
PX932104.1	D8
PX932105.1	D8
PX932106.1	D8
PX932107.1	D8
PX932108.1	D8
PX932109.1	D8
PX932110.1	D8
PX932111.1	D8
PX932112.1	D8
PX932113.1	D8
PX932114.1	D8
PX932116.1	D8
PX932117.1	D8
PX932118.1	D8
PX932119.1	D8
PX932120.1	D8
PX932121.1	D8
PX932123.1	D8
PX932124.1	D8
PX932125.1	D8
PX932126.1	D8
PX932127.1	D8
PX932128.1	D8
PX932129.1	D8
PX932130.1	D8
PX932131.1	D8
PX932132.1	D8
PX932133.1	D8
PX932134.1	D8
PX932136.1	D8
PX932137.1	D8
PX932138.1	D8
PX932139.1	D8
PX932140.1	D8
PX932141.1	D8
PX932142.1	D8
PX932143.1	D8
PX932144.1	D8
PX932145.1	D8
PX932147.1	D8
PX932148.1	D8
PX932149.1	D8
PX932150.1	D8
PX932151.1	D8
PX932152.1	D8
PX932153.1	D8
PX932154.1	D8
PX932155.1	D8
PX932156.1	D8
PX932157.1	D8
PX932158.1	D8
PX932159.1	D8
PX932160.1	D8
PX932161.1	D8
PX932162.1	D8
PX932163.1	D8
PX945894.1	D8
PX954425.1	D8
PX979535.1	D8
PX979536.1	D8
PX979537.1	D8
PX979538.1	D8
PX979539.1	D8
PX979540.1	D8
PX979541.1	D8
PX979542.1	D8
PX979543.1	D8
PX982731.1	D8
PX982732.1	D8
PX982733.1	D8
PX982734.1	D8
PX982737.1	D8
PX982738.1	D8
PX982739.1	D8
PX982740.1	D8
PX982741.1	D8
PX982742.1	D8
PX982743.1	D8
PX982744.1	D8
PX982745.1	D8
PX982746.1	D8
PX982747.1	D8
PX982749.1	D8
PX982750.1	D8
PX982751.1	D8
PX982752.1	D8
PX982753.1	D8
PX982754.1	D8
PX982755.1	D8
PX982756.1	D8
PX982757.1	D8
PX982758.1	D8
PX982759.1	D8
PX982760.1	D8
PX982761.1	D8
PX982763.1	D8
PX982765.1	D8
PX982766.1	D8
PX982767.1	D8
PX982770.1	D8
PX982771.1	D8
PX982773.1	D8
PX982774.1	D8
PX982775.1	D8
PX982777.1	D8
PX982779.1	D8
PX982780.1	D8
PX982782.1	D8
PX982784.1	D8
PX982785.1	D8
PX982786.1	D8
PX982789.1	D8
PX982790.1	D8
PX982791.1	D8
PX982792.1	D8
PX982793.1	D8
PX982794.1	D8
PX982795.1	D8
PX982796.1	D8
PX982797.1	D8
PX982798.1	D8
PX982799.1	D8
PX982800.1	D8
PX982801.1	D8
PX982804.1	D8
PX982805.1	D8
PX982806.1	D8
PX982807.1	D8
PX982808.1	D8
PX982809.1	D8
PX982810.1	D8
PX982811.1	D8
PX982812.1	D8
PX982813.1	D8
PX982814.1	D8
PX982815.1	D8
PX982816.1	D8
PX982817.1	D8
PX982818.1	D8
PX982819.1	D8
PX982820.1	D8
PX982821.1	D8
PX982822.1	D8
PX982823.1	D8
PZ017002.1	D8
PZ017003.1	D8
PZ017004.1	D8
PZ017005.1	D8
PZ017006.1	D8
PZ017007.1	D8
PZ017008.1	D8
PZ017009.1	D8
PZ023699.1	D8
PZ023702.1	D8
PZ023704.1	D8
PZ023705.1	D8
PZ023706.1	D8
PZ023708.1	D8
PZ023709.1	D8
PZ023710.1	D8
PZ023712.1	D8
PZ023713.1	D8
PZ023714.1	D8
PZ023715.1	D8
PZ023716.1	D8
PZ023717.1	D8
PZ023718.1	D8
PZ023719.1	D8
PZ023720.1	D8
PZ023721.1	D8
PZ023722.1	D8
PZ023723.1	D8
PZ023724.1	D8
PZ023725.1	D8
PZ023726.1	D8
PZ023727.1	D8
PZ023728.1	D8
PZ023729.1	D8
PZ023730.1	D8
PZ023731.1	D8
PZ023732.1	D8
PZ023733.1	D8
PZ023734.1	D8
PZ023736.1	D8
PZ023737.1	D8
PZ023739.1	D8
PZ023740.1	D8
PZ023741.1	D8
PZ023742.1	D8
PZ023743.1	D8
PZ023744.1	D8
PZ023745.1	D8
PZ023748.1	D8
PZ023749.1	D8
PZ023750.1	D8
PZ023751.1	D8
PZ023752.1	D8
PZ023754.1	D8
PZ023755.1	D8
PZ023756.1	D8
PZ023757.1	D8
PZ023758.1	D8
PZ023760.1	D8
PZ023761.1	D8
PZ023762.1	D8
PZ023763.1	D8
PZ023765.1	D8
PZ023766.1	D8
PZ023767.1	D8
PZ023768.1	D8
PZ023769.1	D8
PZ023770.1	D8
PZ023771.1	D8
PZ023773.1	D8
PZ023774.1	D8
PZ023775.1	D8
PZ023776.1	D8
PZ023777.1	D8
PZ023779.1	D8
PZ023780.1	D8
PZ023781.1	D8
PZ023782.1	D8
PZ023783.1	D8
PZ023784.1	D8
PZ023785.1	D8
PZ023786.1	D8
PZ023787.1	D8
PZ023788.1	D8
PZ023789.1	D8
PZ023790.1	D8
PZ023791.1	D8
PZ023792.1	D8
PZ023793.1	D8
PZ023794.1	D8
PZ023796.1	D8
PZ023797.1	D8
PZ023798.1	D8
PZ023799.1	D8
PZ023800.1	D8
PZ023801.1	D8
PZ023802.1	D8
PZ023803.1	D8
PZ023804.1	D8
PZ023805.1	D8
PZ023806.1	D8
PZ023807.1	D8
PZ023808.1	D8
PZ023809.1	D8
PZ023810.1	D8
PZ023811.1	D8
PZ036799.1	D8
PZ043893.1	D8
PZ043894.1	D8
PZ043898.1	D8
PZ043899.1	D8
PZ043900.1	D8
PZ043902.1	D8
PZ043903.1	D8
PZ043906.1	D8
PZ043908.1	D8
PZ043909.1	D8
PZ043910.1	D8
PZ043911.1	D8
PZ043913.1	D8
PZ043914.1	D8
PZ043915.1	D8
PZ043916.1	D8
PZ043917.1	D8
PZ043918.1	D8
PZ043919.1	D8
PZ043920.1	D8
PZ043921.1	D8
PZ043922.1	D8
PZ043923.1	D8
PZ043924.1	D8
PZ043925.1	D8
PZ043926.1	D8
PZ043928.1	B3
PZ043929.1	D8
PZ043930.1	D8
PZ043931.1	D8
PZ043932.1	D8
PZ043933.1	D8
PZ043934.1	D8
PZ043936.1	D8
PZ043937.1	D8
PZ043938.1	D8
PZ043939.1	D8
PZ043940.1	D8
PZ129666.1	D8
PZ129668.1	D8
PZ129670.1	D8
PZ129671.1	D8
PZ129672.1	D8
PZ129674.1	D8
PZ129676.1	D8
PZ129677.1	D8
PZ129682.1	D8
PZ129683.1	D8
PZ129685.1	D8
PZ129687.1	D8
PZ129688.1	D8
PZ129689.1	D8
PZ129692.1	D8
PZ129694.1	D8
PZ129695.1	D8
PZ129698.1	D8
PZ129699.1	D8
PZ129700.1	D8
PZ129702.1	D8
PZ129703.1	D8
PZ129704.1	D8
PZ129705.1	D8
PZ129706.1	D8
PZ129707.1	D8
PZ129708.1	D8
PZ129709.1	D8
PZ129710.1	D8
PZ129712.1	D8
PZ129713.1	D8
PZ129714.1	D8
PZ129716.1	D8
PZ129717.1	D8
PZ129718.1	D8
PZ129719.1	D8
PZ129720.1	D8
PZ129721.1	D8
PZ129723.1	D8
PZ129724.1	D8
PZ129725.1	D8
PZ129726.1	D8
PZ129727.1	D8
PZ129729.1	D8
PZ129731.1	D8
PZ129732.1	D8
PZ129733.1	D8
PZ129734.1	D8
PZ129735.1	D8
PZ129736.1	D8
PZ129737.1	D8
PZ129738.1	D8
PZ129739.1	D8
PZ129740.1	D8
PZ129741.1	D8
PZ129742.1	D8
PZ129743.1	D8
PZ129745.1	D8
PZ129746.1	D8
PZ129747.1	D8
PZ129748.1	D8
PZ129749.1	D8
PZ129750.1	D8
PZ129751.1	D8
PZ129752.1	D8
PZ129753.1	D8
PZ129754.1	D8
PZ129755.1	D8
PZ129756.1	D8
PZ129757.1	D8
PZ129758.1	D8
PZ129759.1	D8
PZ129760.1	D8
PZ129761.1	D8
PZ129763.1	D8
PZ129764.1	D8
PZ129766.1	D8
PZ129768.1	D8
PZ129769.1	D8
PZ129770.1	D8
PZ129771.1	D8
PZ129772.1	D8
PZ129774.1	D8
PZ129776.1	D8
PZ129777.1	D8
PZ129782.1	D8
PZ129785.1	D8
PZ129786.1	D8
PZ129787.1	D8
PZ129788.1	D8
PZ129789.1	D8
PZ129790.1	D8
PZ129791.1	D8
PZ129792.1	D8
PZ129793.1	D8
PZ129794.1	D8
PZ129795.1	D8
PZ129796.1	D8
PZ129797.1	D8
PZ129798.1	D8
PZ129799.1	D8
PZ129800.1	D8
PZ129801.1	D8
PZ158357.1	B3
PZ161218.1	D8
PZ161220.1	D8
PZ161221.1	D8
PZ161223.1	D8
PZ161224.1	D8
PZ161225.1	D8
PZ161226.1	D8
PZ161227.1	D8
PZ161228.1	D8
PZ161229.1	D8
PZ161230.1	D8
PZ161231.1	D8
PZ161232.1	D8
PZ161233.1	D8
PZ168462.1	D8
PZ168463.1	D8
PZ168465.1	D8
PZ168466.1	D8
PZ168467.1	D8
PZ168468.1	D8
PZ168469.1	D8
PZ168471.1	D8
PZ168472.1	D8
PZ168473.1	D8
PZ168475.1	D8
PZ168476.1	D8
PZ168477.1	D8
PZ168478.1	D8
PZ168479.1	D8
PZ168482.1	D8
PZ180038.1	D8
PZ188349.1	D8
PZ188350.1	D8
PZ188351.1	D8
PZ188352.1	D8
PZ188353.1	D8
PZ188354.1	D8
PZ188355.1	D8
PZ188356.1	D8
PZ188357.1	D8
PZ188358.1	D8
PZ188359.1	D8
PZ188360.1	D8
PZ188361.1	D8
PZ188362.1	D8
PZ188363.1	D8
PZ188364.1	D8
PZ189094.1	B3
PZ194282.1	D8
PZ194283.1	D8
PZ194284.1	D8
PZ194285.1	D8
PZ194286.1	D8
PZ194287.1	D8
PZ194288.1	D8
PZ194289.1	D8
PZ210146.1	D8
PZ225984.1	D8
PZ225985.1	D8
PZ225986.1	D8
PZ225987.1	D8
PZ225988.1	D8
PZ225989.1	D8
PZ225990.1	D8
PZ225991.1	D8
PZ225992.1	D8
PZ225993.1	D8
PZ225994.1	D8
PZ225995.1	D8
PZ225996.1	D8
PZ225997.1	D8
PZ225998.1	D8
PZ225999.1	D8
PZ226000.1	D8
PZ226001.1	D8
PZ226002.1	D8
PZ226003.1	D8
PZ226004.1	D8
PZ226005.1	D8
PZ226006.1	D8
PZ226007.1	D8
PZ226008.1	D8
PZ226009.1	D8
PZ226010.1	D8
PZ226011.1	D8
PZ226012.1	D8
PZ226013.1	D8
PZ226014.1	B3
PZ226015.1	D8
PZ226016.1	D8
PZ226017.1	D8
PZ226018.1	D8
PZ226019.1	D8
PZ226020.1	D8
PZ226021.1	D8
PZ226022.1	D8
PZ226023.1	D8
PZ226024.1	D8
PZ226025.1	D8
PZ226026.1	D8
PZ226027.1	D8
PZ226028.1	D8
PZ226029.1	D8
PZ226030.1	D8
PZ226031.1	D8
PZ226032.1	D8
PZ226033.1	D8
PZ226034.1	D8
PZ226035.1	D8
PZ226036.1	D8
PZ226037.1	D8
PZ226038.1	D8
PZ226039.1	D8
PZ226040.1	D8
PZ226041.1	D8
PZ226042.1	D8
PZ226043.1	D8
PZ226044.1	D8
PZ226045.1	D8
PZ226046.1	D8
PZ226047.1	D8
PZ226048.1	D8
PZ226049.1	D8
PZ226050.1	D8
PZ226051.1	D8
PZ226052.1	D8
PZ226053.1	D8
PZ226054.1	D8
PZ226055.1	D8
PZ226056.1	D8
PZ226057.1	D8
PZ226058.1	D8
PZ226059.1	D8
PZ226060.1	D8
PZ226061.1	D8
PZ226062.1	D8
PZ226063.1	D8
PZ226064.1	D8
PZ226065.1	D8
PZ226066.1	D8
PZ226067.1	D8
PZ226068.1	D8
PZ226069.1	D8
PZ226070.1	D8
PZ226071.1	D8
PZ226072.1	D8
PZ226073.1	D8
PZ226074.1	D8
PZ226075.1	D8
PZ226076.1	D8
PZ226077.1	D8
PZ226078.1	D8
PZ226079.1	D8
PZ226080.1	D8
PZ226081.1	D8
PZ226082.1	D8
PZ226083.1	D8
PZ226084.1	D8
PZ226085.1	D8
PZ226086.1	D8
PZ226087.1	D8
PZ226088.1	D8
PZ226089.1	D8
PZ226090.1	D8
PZ226091.1	D8
PZ226092.1	D8
PZ226093.1	D8
PZ226094.1	D8
PZ226095.1	D8
PZ226096.1	D8
PZ226097.1	D8
PZ226098.1	D8
PZ226099.1	D8
PZ226100.1	D8
PZ226101.1	D8
PZ226102.1	D8
PZ226103.1	D8
PZ226104.1	D8
PZ226105.1	D8
PZ226106.1	D8
PZ226107.1	D8
PZ226108.1	D8
PZ226109.1	D8
PZ226110.1	D8
PZ226122.1	D8
PZ226123.1	D8
PZ226124.1	D8
PZ226125.1	D8
PZ226126.1	D8
PZ226127.1	D8
PZ226128.1	D8
PZ226129.1	D8
PZ226130.1	D8
PZ226131.1	D8
PZ226132.1	D8
PZ226133.1	D8
PZ226134.1	D8
PZ226135.1	D8
PZ226136.1	D8
PZ226137.1	D8
PZ226138.1	D8
PZ226139.1	D8
PZ226140.1	D8
PZ226141.1	D8
PZ226142.1	D8
PZ226143.1	D8
PZ226144.1	D8
PZ226145.1	D8
PZ226146.1	D8
PZ226147.1	D8
PZ226148.1	D8
PZ226152.1	D8
PZ226155.1	D8
PZ226159.1	D8
PZ226160.1	D8
PZ226161.1	D8
PZ226162.1	D8
PZ226163.1	D8
PZ226164.1	D8
PZ226165.1	D8
PZ226167.1	D8
PZ226168.1	D8
PZ226169.1	D8
PZ226170.1	D8
PZ226171.1	D8
PZ226172.1	D8
PZ226173.1	D8
PZ226174.1	D8
PZ226175.1	D8
PZ226176.1	D8
PZ226177.1	D8
PZ226178.1	D8
PZ226179.1	D8
PZ226180.1	D8
PZ226181.1	D8
PZ226182.1	D8
PZ226183.1	D8
PZ226184.1	D8
PZ226185.1	D8
PZ226186.1	D8
PZ226187.1	D8
PZ226188.1	D8
PZ226189.1	D8
PZ226190.1	D8
PZ226191.1	D8
PZ226192.1	D8
PZ226193.1	D8
PZ235048.1	D8
PZ235049.1	D8
PZ235050.1	D8
PZ235051.1	D8
PZ235052.1	D8
PZ252730.1	D8
PZ252731.1	D8
PZ252732.1	D8
PZ252733.1	D8
PZ252734.1	D8
PZ252735.1	D8
PZ252736.1	D8
PZ252737.1	D8
PZ252738.1	D8
PZ252739.1	D8
PZ252740.1	D8
PZ252742.1	D8
PZ252743.1	D8
PZ252744.1	D8
PZ252745.1	D8
PZ252746.1	D8
PZ252747.1	D8
PZ252748.1	D8
PZ252750.1	D8
PZ259696.1	D8
PZ264127.1	D8
PZ264128.1	D8
PZ280678.1	D8
PZ280679.1	D8
PZ280680.1	D8
PZ285119.1	D8
PZ285121.1	D8
PZ285122.1	D8
PZ285123.1	D8
PZ285124.1	D8
PZ285125.1	D8
PZ285126.1	D8
PZ285127.1	D8
PZ285128.1	D8
PZ285129.1	D8
PZ285130.1	D8
PZ285131.1	D8
PZ285132.1	D8
PZ285133.1	D8
PZ285134.1	D8
PZ285135.1	D8
PZ285136.1	D8
PZ285137.1	D8
PZ319213.1	D8
PZ319214.1	D8
PZ319216.1	D8
PZ319218.1	D8
PZ319219.1	D8
PZ319220.1	D8
PZ319221.1	D8
PZ319222.1	D8
PZ319224.1	D8
PZ319225.1	D8
PZ319226.1	D8
PZ319227.1	D8
PZ319228.1	D8
PZ319229.1	D8
PZ319230.1	D8
PZ319231.1	D8
PZ319232.1	D8
PZ319233.1	D8
PZ319234.1	D8
PZ339700.1	D8
PZ339701.1	D8
PZ339702.1	D8
PZ339703.1	D8
PZ339705.1	D8
PZ339706.1	D8
PZ339707.1	D8
PZ339708.1	D8
PZ339709.1	D8
PZ339710.1	D8
PZ339711.1	D8
PZ339712.1	D8
PZ339713.1	D8
PZ339714.1	D8
PZ339715.1	D8
PZ339716.1	D8
PZ339717.1	D8
PZ339718.1	D8
