,sname,region,coverage
0,NAT_WGS_25_0523,Whole Genome,0.0
1,ENV_COV_25_0029_09,Whole Genome,96.65282496539575
2,CST_WGS_25_0083,Whole Genome,1.0192525481313703
3,ART_MEV_24_2255_C,Whole Genome,26.683025040895934
4,ENV_COV_25_0020_06,Whole Genome,4.882345539197181
5,NAT_WGS_25_0514,Whole Genome,6.851642129105323
6,ENV_COV_25_0032_11,Whole Genome,0.0
7,CVI02117_24,Whole Genome,97.94261985654964
8,CST-WGS-25-0332,Whole Genome,57.310934944004025
9,ART_MEV_24_2270_C,Whole Genome,2.541839687932553
10,CST_WGS_25_0800,Whole Genome,41.06581099786083
11,CVI01234_25,Whole Genome,93.33081666037498
12,CVI05141_23_TS,Whole Genome,95.04844595444823
13,CVI05703_23_TS,Whole Genome,99.57216559708067
14,CVI06272_24,Whole Genome,67.2329180822952
15,ENV_COV_25_0021_07,Whole Genome,0.0
16,CVI23645_24,Whole Genome,88.0583868126337
17,NAT_WGS_25_0632,Whole Genome,44.18019378381779
18,56910897,Whole Genome,99.75462438656096
19,PC,Whole Genome,99.67283251541463
20,CST_WGS_25_0753,Whole Genome,0.0
21,ART_MEV_24_2283_D,Whole Genome,86.98880080533534
22,NAT_WGS_25_0593,Whole Genome,47.489618724046814
23,CST_WGS_25_0878,Whole Genome,86.93846734616837
24,CST_WGS_25_0921,Whole Genome,10.30577576443941
25,EXTR__17,Whole Genome,0.0
26,CST-WGS-25-1081,Whole Genome,4.850887127217818
27,CVI02604_25,Whole Genome,99.66654083301874
28,CST-WGS-25-0229,Whole Genome,4.970429092739399
29,CST_WGS_25_0063_5,Whole Genome,0.0
30,CVI04965_23,Whole Genome,40.16610041525104
31,CST-WGS-25-0584,Whole Genome,0.0
32,CST_WGS_25_0847,Whole Genome,52.80609034855921
33,CST_WGS_25_0066_6,Whole Genome,94.38152762048571
34,CVI03470_23,Whole Genome,64.16886875550523
35,ENV_COV_25_0045_15,Whole Genome,9.884233043915943
36,CVI02100_25,Whole Genome,76.73965018245879
37,CVI02519_25,Whole Genome,99.64137410343525
38,CVI_05700_23_TS,Whole Genome,99.69170756260223
39,NAT_WGS_25_0510,Whole Genome,0.0
40,ENV_COV_25_0063_03,Whole Genome,2.1517553793884483
41,ART_MEV_24_2257_D,Whole Genome,0.0
42,CVI02379_25,Whole Genome,99.3330816660375
43,CVI03925_23,Whole Genome,69.77475777022775
44,CVI_02117_24,Whole Genome,99.47779036114257
45,NAT-WGS-25-0216,Whole Genome,0.0
46,CVI02520_25,Whole Genome,98.07474518686297
47,ENV_COV_25_0012_03,Whole Genome,59.43123191141311
48,CST_WGS_25_0931,Whole Genome,26.695608405687683
49,CVI02602_25,Whole Genome,98.42707940103183
50,CST_WGS_25_0850,Whole Genome,40.3800176167107
51,CVI05288_24,Whole Genome,98.06216182207123
52,CST-WGS-25-0402,Whole Genome,64.84837045425948
53,CST-WGS-25-0520,Whole Genome,0.0
54,CVI05141_23,Whole Genome,95.30011325028312
55,NAT_WGS_25_0650,Whole Genome,0.0
56,ENV_COV_25_0019_05,Whole Genome,9.594815653705801
57,ART_MEV_24_2254_D,Whole Genome,40.656851642129105
58,CVI03497_24,Whole Genome,90.68831005410847
59,CVI02597_25,Whole Genome,99.2638731596829
60,CVI02680_25,Whole Genome,99.74204102176923
61,NAT_WGS_25_0568,Whole Genome,45.63986409966025
62,NAT_WGS_25_0077,Whole Genome,90.71347678369196
63,CST-WGS-25-1067,Whole Genome,4.769095256071473
64,CST-WGS-25-0608,Whole Genome,0.0
65,ART_MEV_24_2266_C,Whole Genome,2.472631181577954
66,CST-WGS-25-0357,Whole Genome,0.0
67,NAT_WGS_25_0656,Whole Genome,55.146596199823826
68,CST_WGS_25_0072_7,Whole Genome,0.0
69,54929056,Whole Genome,96.30678243362276
70,CST_WGS_25_0765,Whole Genome,12.161822071221845
71,CVI_01572_2_NA,Whole Genome,71.88876305524097
72,CST_WGS_25_0856,Whole Genome,74.88360387567636
73,NAT-WGS-25-0327,Whole Genome,0.0
74,ENV_COV_25_0048_2,Whole Genome,25.217063042657607
75,ENV_COV_25_0054_01,Whole Genome,78.72782181955455
76,ENV_COV_25_0026_09,Whole Genome,0.0
77,ENV_COV_25_0058_3,Whole Genome,54.699886749716875
78,ART_MEV_24_2266_D,Whole Genome,68.8687555052221
79,EXTR_10,Whole Genome,0.0
80,ART_MEV_24_2268_C,Whole Genome,9.745816031206743
81,NAT-WGS-25-0660,Whole Genome,69.58600729835157
82,CST_WGS_25_0797,Whole Genome,11.507487102051089
83,CVI02644_25,Whole Genome,98.59066314332452
84,ENV_COV_25_0005_01,Whole Genome,2.5229646407449353
85,ENV_COV_25_0046_16,Whole Genome,19.246256448974457
86,CVI05474_23,Whole Genome,94.18648546621367
87,ENV_COV_24_2711_1,Whole Genome,42.16056373474267
88,CST_WGS_25_0734,Whole Genome,0.0
89,CST-WGS-25-1101,Whole Genome,56.36718258462313
90,PC_18,Whole Genome,27.400276834025416
91,53135964_24,Whole Genome,88.61834654586637
92,ART_MEV_24_2250_D,Whole Genome,65.37687177551277
93,PC_11,Whole Genome,96.33194916320625
94,CVI_0347_23_U,Whole Genome,98.88637221593054
95,CST_WGS_25_0825,Whole Genome,64.51491128727822
96,CVI_05701_23_TS,Whole Genome,99.69170756260223
97,ENV_COV_25_0024_08,Whole Genome,26.70190008808355
98,CVI_23645_24,Whole Genome,76.08531521328803
99,NAT_WGS_25_0083,Whole Genome,0.0
100,ART_MEV_24_2262_D,Whole Genome,35.57946394865987
101,CVI02561_25,Whole Genome,98.77941361520071
102,CVI05703_23,Whole Genome,96.21240719768466
103,CVI02521_25,Whole Genome,99.14433119416131
104,ENV_COV_25_0056_02,Whole Genome,7.581477287026551
105,CVI17272_24,Whole Genome,95.58953064049327
106,CVI06101_24,Whole Genome,70.28438404429345
107,CVI05472_23,Whole Genome,80.31961746571034
108,CVI05700_23,Whole Genome,98.08732855165472
109,CST_WGS_25_0770,Whole Genome,0.0
110,CST-WGS-25-0591,Whole Genome,0.0
111,ENV_COV_25_0041_13,Whole Genome,90.59393481817037
112,CST-WGS-25-1080,Whole Genome,29.287781552787216
113,NAT_WGS_25_0652,Whole Genome,2.2964640744935196
114,NAT_WGS_25_0509,Whole Genome,2.5292563231408076
115,ENV_COV_25_0030_10,Whole Genome,91.07839436265257
116,54812611,Whole Genome,89.5998489996225
117,CST_WGS_25_0062_4,Whole Genome,31.017994211652194
118,ENV_COV_25_0014_04,Whole Genome,0.0
119,CST_WGS_25_0828,Whole Genome,22.964640744935195
120,CVI02083_25,Whole Genome,93.0728576821442
121,NAT-WGS-25-0664,Whole Genome,69.57342393355984
122,CVI05320_24,Whole Genome,99.70429092739398
123,NAT_WGS_25_0133,Whole Genome,70.8695105071096
124,53135964_TS,Whole Genome,95.96703158424563
125,NAT_WGS_25_0651,Whole Genome,81.76670441676104
126,58997083,Whole Genome,98.21945388196804
127,CVI06937_24,Whole Genome,73.0086825217063
128,CST_WGS_25_0607,Whole Genome,0.0
129,ENV_COV_25_0003_07,Whole Genome,12.054863470492009
130,CST_WGS_25_0729,Whole Genome,53.661759154397885
131,CST_WGS_25_0730,Whole Genome,65.25732980999119
132,ENV_COV_25_0006_08,Whole Genome,0.0
133,CST-WGS-25-0213,Whole Genome,80.93620234050584
134,CST-WGS-25-0510,Whole Genome,86.16459041147603
135,CVI02094_25,Whole Genome,77.3121932804832
136,CST_WGS_25_0887,Whole Genome,9.292814898703913
137,ART_MEV_24_2250_C,Whole Genome,86.69938341512521
138,CVI05701_23,Whole Genome,98.1124952812382
139,ENV_COV_25_0042_14,Whole Genome,97.76016106706933
140,CST_WGS_25_1031,Whole Genome,6.046306782433622
141,CVI_02265_24_NA,Whole Genome,92.68906505599598
142,CST-WGS-25-0578,Whole Genome,40.63797659494149
143,ART_MEV_24_2254_C,Whole Genome,30.74745186862967
144,ART_MEV_24_2268_D,Whole Genome,11.853529633824085
145,ENV_COV_25_0011_02,Whole Genome,45.47628035736756
146,ART_MEV_24_2279_C,Whole Genome,0.0
147,NAT-WGS-25-0661,Whole Genome,11.828362904240594
148,CST_WGS_25_0177,Whole Genome,94.82194538819681
149,ENV_COV_25_0038_12,Whole Genome,7.443060274317352
